Label,auc,improve_sample_id,improve_chem_id
0.7946,0.7946,ACH-000051,Drug_749
0.794,0.794,ACH-000051,Drug_558
0.4996,0.4996,ACH-000051,Drug_895
0.5054,0.5054,ACH-000051,Drug_195
0.853,0.853,ACH-000051,Drug_1279
0.6358,0.6358,ACH-000051,Drug_1087
0.7833,0.7833,ACH-000051,Drug_768
0.2915,0.2915,ACH-000051,Drug_1127
0.6784,0.6784,ACH-000051,Drug_685
0.734,0.734,ACH-000051,Drug_413
0.9835,0.9835,ACH-000051,Drug_564
0.664,0.664,ACH-000051,Drug_870
0.6797,0.6797,ACH-000051,Drug_1520
0.7725,0.7725,ACH-000051,Drug_643
0.7205,0.7205,ACH-000051,Drug_883
0.4281,0.4281,ACH-000051,Drug_614
0.8367,0.8367,ACH-000051,Drug_802
0.5616,0.5616,ACH-000051,Drug_435
0.7571,0.7571,ACH-000051,Drug_1507
0.7268,0.7268,ACH-000051,Drug_1005
0.8253,0.8253,ACH-000076,Drug_749
0.6623,0.6623,ACH-000076,Drug_1326
0.4313,0.4313,ACH-000076,Drug_490
0.7537,0.7537,ACH-000076,Drug_558
0.5377,0.5377,ACH-000076,Drug_895
0.4959,0.4959,ACH-000076,Drug_195
0.8524,0.8524,ACH-000076,Drug_1279
0.5314,0.5314,ACH-000076,Drug_1087
0.8212,0.8212,ACH-000076,Drug_768
0.2085,0.2085,ACH-000076,Drug_1127
0.3692,0.3692,ACH-000076,Drug_413
0.7459,0.7459,ACH-000076,Drug_564
0.6689,0.6689,ACH-000076,Drug_870
0.6864,0.6864,ACH-000076,Drug_1520
0.7272,0.7272,ACH-000076,Drug_643
0.8346,0.8346,ACH-000076,Drug_883
0.5442,0.5442,ACH-000076,Drug_614
0.7513,0.7513,ACH-000076,Drug_802
0.7774,0.7774,ACH-000076,Drug_435
0.6372,0.6372,ACH-000076,Drug_1005
0.8903,0.8903,ACH-000077,Drug_749
0.7497,0.7497,ACH-000077,Drug_1326
1.0,1.0,ACH-000077,Drug_558
0.5843,0.5843,ACH-000077,Drug_195
0.9169,0.9169,ACH-000077,Drug_1279
0.988,0.988,ACH-000077,Drug_1087
0.2673,0.2673,ACH-000077,Drug_1127
0.912,0.912,ACH-000077,Drug_685
0.9451,0.9451,ACH-000077,Drug_413
0.8278,0.8278,ACH-000077,Drug_870
0.7858,0.7858,ACH-000077,Drug_1520
1.0,1.0,ACH-000077,Drug_883
0.5129,0.5129,ACH-000077,Drug_614
0.95,0.95,ACH-000077,Drug_435
0.8945,0.8945,ACH-000077,Drug_1507
0.9486,0.9486,ACH-000077,Drug_665
0.8106,0.8106,ACH-000077,Drug_1005
0.9891,0.9891,ACH-000077,Drug_1040
0.8373,0.8373,ACH-000140,Drug_749
0.6963,0.6963,ACH-000140,Drug_1326
0.3879,0.3879,ACH-000140,Drug_490
0.976,0.976,ACH-000140,Drug_558
0.5066,0.5066,ACH-000140,Drug_195
0.9025,0.9025,ACH-000140,Drug_1279
0.897,0.897,ACH-000140,Drug_1087
0.8552,0.8552,ACH-000140,Drug_768
0.9207,0.9207,ACH-000140,Drug_685
0.931,0.931,ACH-000140,Drug_413
0.885,0.885,ACH-000140,Drug_564
0.6187,0.6187,ACH-000140,Drug_870
0.7595,0.7595,ACH-000140,Drug_1520
0.7457,0.7457,ACH-000140,Drug_643
0.7994,0.7994,ACH-000140,Drug_883
0.6155,0.6155,ACH-000140,Drug_614
0.8292,0.8292,ACH-000140,Drug_435
0.9404,0.9404,ACH-000140,Drug_1507
0.7412,0.7412,ACH-000140,Drug_665
1.0,1.0,ACH-000140,Drug_1040
0.7983,0.7983,ACH-000205,Drug_749
0.8578,0.8578,ACH-000205,Drug_1326
0.5276,0.5276,ACH-000205,Drug_490
0.8238,0.8238,ACH-000205,Drug_558
0.68,0.68,ACH-000205,Drug_895
0.6833,0.6833,ACH-000205,Drug_195
0.9035,0.9035,ACH-000205,Drug_1279
0.8883,0.8883,ACH-000205,Drug_768
0.5387,0.5387,ACH-000205,Drug_1127
0.7871,0.7871,ACH-000205,Drug_685
0.9009,0.9009,ACH-000205,Drug_413
0.8472,0.8472,ACH-000205,Drug_564
0.7358,0.7358,ACH-000205,Drug_870
0.7428,0.7428,ACH-000205,Drug_1520
0.8229,0.8229,ACH-000205,Drug_643
0.626,0.626,ACH-000205,Drug_614
0.9617,0.9617,ACH-000205,Drug_1507
0.8389,0.8389,ACH-000205,Drug_665
0.8092,0.8092,ACH-000205,Drug_1005
0.8334,0.8334,ACH-000205,Drug_1040
0.8499,0.8499,ACH-000220,Drug_749
0.7872,0.7872,ACH-000220,Drug_1326
0.3654,0.3654,ACH-000220,Drug_490
0.4639,0.4639,ACH-000220,Drug_895
0.8542,0.8542,ACH-000220,Drug_1087
0.7619,0.7619,ACH-000220,Drug_768
0.2495,0.2495,ACH-000220,Drug_1127
0.9796,0.9796,ACH-000220,Drug_413
0.8542,0.8542,ACH-000220,Drug_564
0.6905,0.6905,ACH-000220,Drug_1520
0.7034,0.7034,ACH-000220,Drug_643
0.7674,0.7674,ACH-000220,Drug_883
0.4137,0.4137,ACH-000220,Drug_614
0.9216,0.9216,ACH-000220,Drug_802
0.9688,0.9688,ACH-000220,Drug_1507
0.9581,0.9581,ACH-000220,Drug_665
0.7779,0.7779,ACH-000220,Drug_1005
0.9682,0.9682,ACH-000220,Drug_1040
0.8536,0.8536,ACH-000285,Drug_749
0.886,0.886,ACH-000285,Drug_1326
0.4898,0.4898,ACH-000285,Drug_490
0.99,0.99,ACH-000285,Drug_558
0.5263,0.5263,ACH-000285,Drug_195
0.9539,0.9539,ACH-000285,Drug_1279
0.8661,0.8661,ACH-000285,Drug_1087
0.8218,0.8218,ACH-000285,Drug_768
0.6469,0.6469,ACH-000285,Drug_1127
0.946,0.946,ACH-000285,Drug_413
0.9255,0.9255,ACH-000285,Drug_564
0.963,0.963,ACH-000285,Drug_1520
0.9006,0.9006,ACH-000285,Drug_643
0.7967,0.7967,ACH-000285,Drug_614
0.8446,0.8446,ACH-000285,Drug_802
0.9729,0.9729,ACH-000285,Drug_435
0.9135,0.9135,ACH-000285,Drug_1507
0.9456,0.9456,ACH-000285,Drug_665
1.0,1.0,ACH-000285,Drug_1040
0.7844,0.7844,ACH-000288,Drug_749
0.793,0.793,ACH-000288,Drug_1326
0.5432,0.5432,ACH-000288,Drug_490
0.8136,0.8136,ACH-000288,Drug_558
0.5675,0.5675,ACH-000288,Drug_895
0.5201,0.5201,ACH-000288,Drug_195
0.7813,0.7813,ACH-000288,Drug_1279
0.9537,0.9537,ACH-000288,Drug_1087
0.3954,0.3954,ACH-000288,Drug_1127
0.928,0.928,ACH-000288,Drug_685
0.823,0.823,ACH-000288,Drug_413
0.8238,0.8238,ACH-000288,Drug_564
0.7841,0.7841,ACH-000288,Drug_1520
0.8742,0.8742,ACH-000288,Drug_883
0.4789,0.4789,ACH-000288,Drug_614
0.8434,0.8434,ACH-000288,Drug_802
0.8421,0.8421,ACH-000288,Drug_435
0.8391,0.8391,ACH-000288,Drug_1507
0.845,0.845,ACH-000288,Drug_665
0.8459,0.8459,ACH-000288,Drug_1040
0.8818,0.8818,ACH-000418,Drug_749
0.9343,0.9343,ACH-000418,Drug_1326
0.477,0.477,ACH-000418,Drug_490
0.9625,0.9625,ACH-000418,Drug_558
0.6299,0.6299,ACH-000418,Drug_895
0.6978,0.6978,ACH-000418,Drug_195
0.9819,0.9819,ACH-000418,Drug_1279
0.8386,0.8386,ACH-000418,Drug_1087
0.9435,0.9435,ACH-000418,Drug_768
0.4196,0.4196,ACH-000418,Drug_1127
0.9086,0.9086,ACH-000418,Drug_685
0.8532,0.8532,ACH-000418,Drug_413
0.8516,0.8516,ACH-000418,Drug_564
0.757,0.757,ACH-000418,Drug_1520
0.8583,0.8583,ACH-000418,Drug_643
0.6419,0.6419,ACH-000418,Drug_614
0.9741,0.9741,ACH-000418,Drug_802
0.8965,0.8965,ACH-000418,Drug_435
0.9344,0.9344,ACH-000418,Drug_1507
0.8572,0.8572,ACH-000418,Drug_665
0.8187,0.8187,ACH-000418,Drug_1005
0.8672,0.8672,ACH-000418,Drug_1040
0.8755,0.8755,ACH-000467,Drug_1326
0.4924,0.4924,ACH-000467,Drug_490
0.9806,0.9806,ACH-000467,Drug_558
0.7009,0.7009,ACH-000467,Drug_895
0.9512,0.9512,ACH-000467,Drug_1279
0.4333,0.4333,ACH-000467,Drug_1087
0.9435,0.9435,ACH-000467,Drug_768
0.5195,0.5195,ACH-000467,Drug_1127
0.5611,0.5611,ACH-000467,Drug_685
0.8533,0.8533,ACH-000467,Drug_413
0.9786,0.9786,ACH-000467,Drug_564
0.8748,0.8748,ACH-000467,Drug_870
0.7959,0.7959,ACH-000467,Drug_1520
0.9058,0.9058,ACH-000467,Drug_643
0.9269,0.9269,ACH-000467,Drug_883
0.9239,0.9239,ACH-000467,Drug_802
0.8679,0.8679,ACH-000467,Drug_435
0.9708,0.9708,ACH-000467,Drug_1507
0.8631,0.8631,ACH-000467,Drug_665
0.9553,0.9553,ACH-000467,Drug_1005
0.8343,0.8343,ACH-000523,Drug_749
0.4206,0.4206,ACH-000523,Drug_490
0.9303,0.9303,ACH-000523,Drug_558
0.4676,0.4676,ACH-000523,Drug_895
0.5328,0.5328,ACH-000523,Drug_195
0.895,0.895,ACH-000523,Drug_1279
0.8532,0.8532,ACH-000523,Drug_1087
0.9127,0.9127,ACH-000523,Drug_768
0.5236,0.5236,ACH-000523,Drug_1127
0.8876,0.8876,ACH-000523,Drug_685
1.0,1.0,ACH-000523,Drug_413
0.9671,0.9671,ACH-000523,Drug_564
0.9483,0.9483,ACH-000523,Drug_870
0.8361,0.8361,ACH-000523,Drug_643
0.9101,0.9101,ACH-000523,Drug_883
0.6544,0.6544,ACH-000523,Drug_614
0.9641,0.9641,ACH-000523,Drug_435
0.8361,0.8361,ACH-000523,Drug_1507
0.9326,0.9326,ACH-000523,Drug_1040
0.8529,0.8529,ACH-000553,Drug_749
0.7686,0.7686,ACH-000553,Drug_1326
0.4617,0.4617,ACH-000553,Drug_490
0.7392,0.7392,ACH-000553,Drug_195
0.607,0.607,ACH-000553,Drug_1279
0.8042,0.8042,ACH-000553,Drug_1087
0.5565,0.5565,ACH-000553,Drug_1127
0.8906,0.8906,ACH-000553,Drug_685
0.8576,0.8576,ACH-000553,Drug_564
0.833,0.833,ACH-000553,Drug_643
0.7927,0.7927,ACH-000553,Drug_883
0.5777,0.5777,ACH-000553,Drug_614
0.8302,0.8302,ACH-000553,Drug_435
0.9339,0.9339,ACH-000553,Drug_1040
0.577,0.577,ACH-000564,Drug_749
0.8402,0.8402,ACH-000564,Drug_1326
0.4056,0.4056,ACH-000564,Drug_490
0.8397,0.8397,ACH-000564,Drug_558
0.5265,0.5265,ACH-000564,Drug_895
0.4798,0.4798,ACH-000564,Drug_195
1.0,1.0,ACH-000564,Drug_1279
0.732,0.732,ACH-000564,Drug_1087
0.7946,0.7946,ACH-000564,Drug_768
0.3433,0.3433,ACH-000564,Drug_1127
0.7684,0.7684,ACH-000564,Drug_685
0.8278,0.8278,ACH-000564,Drug_413
0.8213,0.8213,ACH-000564,Drug_870
0.5206,0.5206,ACH-000564,Drug_1520
0.8597,0.8597,ACH-000564,Drug_643
0.9106,0.9106,ACH-000564,Drug_883
0.6407,0.6407,ACH-000564,Drug_614
0.7775,0.7775,ACH-000564,Drug_802
0.8739,0.8739,ACH-000564,Drug_1507
0.8352,0.8352,ACH-000564,Drug_665
0.7475,0.7475,ACH-000564,Drug_1005
0.7825,0.7825,ACH-000564,Drug_1040
0.8306,0.8306,ACH-000685,Drug_1326
0.487,0.487,ACH-000685,Drug_490
0.8223,0.8223,ACH-000685,Drug_558
0.4941,0.4941,ACH-000685,Drug_895
0.5576,0.5576,ACH-000685,Drug_195
0.7916,0.7916,ACH-000685,Drug_1087
0.2706,0.2706,ACH-000685,Drug_1127
0.8006,0.8006,ACH-000685,Drug_685
0.8732,0.8732,ACH-000685,Drug_413
0.8424,0.8424,ACH-000685,Drug_564
0.6797,0.6797,ACH-000685,Drug_870
0.8343,0.8343,ACH-000685,Drug_1520
0.8078,0.8078,ACH-000685,Drug_643
0.7911,0.7911,ACH-000685,Drug_883
0.6634,0.6634,ACH-000685,Drug_614
0.855,0.855,ACH-000685,Drug_802
0.9612,0.9612,ACH-000685,Drug_1507
0.9009,0.9009,ACH-000685,Drug_1005
0.8446,0.8446,ACH-000685,Drug_1040
0.8147,0.8147,ACH-000709,Drug_749
0.7109,0.7109,ACH-000709,Drug_1326
0.5897,0.5897,ACH-000709,Drug_490
0.7766,0.7766,ACH-000709,Drug_895
0.7526,0.7526,ACH-000709,Drug_195
0.8317,0.8317,ACH-000709,Drug_1279
0.8169,0.8169,ACH-000709,Drug_1087
0.989,0.989,ACH-000709,Drug_768
0.9323,0.9323,ACH-000709,Drug_685
0.8401,0.8401,ACH-000709,Drug_413
0.8681,0.8681,ACH-000709,Drug_564
0.808,0.808,ACH-000709,Drug_870
0.8832,0.8832,ACH-000709,Drug_643
0.7716,0.7716,ACH-000709,Drug_614
0.8434,0.8434,ACH-000709,Drug_802
0.8402,0.8402,ACH-000709,Drug_435
0.7968,0.7968,ACH-000728,Drug_749
0.3393,0.3393,ACH-000728,Drug_490
0.4748,0.4748,ACH-000728,Drug_895
0.4999,0.4999,ACH-000728,Drug_195
0.9255,0.9255,ACH-000728,Drug_1279
0.7789,0.7789,ACH-000728,Drug_1087
0.8178,0.8178,ACH-000728,Drug_768
0.3272,0.3272,ACH-000728,Drug_1127
0.8132,0.8132,ACH-000728,Drug_685
0.9294,0.9294,ACH-000728,Drug_564
0.8465,0.8465,ACH-000728,Drug_1520
0.7526,0.7526,ACH-000728,Drug_643
0.5291,0.5291,ACH-000728,Drug_614
0.8314,0.8314,ACH-000728,Drug_802
0.9889,0.9889,ACH-000728,Drug_435
0.7842,0.7842,ACH-000728,Drug_1507
0.7875,0.7875,ACH-000728,Drug_1040
0.7796,0.7796,ACH-000801,Drug_1326
0.4059,0.4059,ACH-000801,Drug_490
0.9813,0.9813,ACH-000801,Drug_558
0.7861,0.7861,ACH-000801,Drug_195
0.9216,0.9216,ACH-000801,Drug_1279
0.5342,0.5342,ACH-000801,Drug_1087
0.4064,0.4064,ACH-000801,Drug_1127
0.9739,0.9739,ACH-000801,Drug_413
0.8566,0.8566,ACH-000801,Drug_870
0.9082,0.9082,ACH-000801,Drug_1520
0.8334,0.8334,ACH-000801,Drug_643
0.9762,0.9762,ACH-000801,Drug_883
0.5531,0.5531,ACH-000801,Drug_614
0.8224,0.8224,ACH-000801,Drug_802
0.9783,0.9783,ACH-000801,Drug_435
0.9459,0.9459,ACH-000801,Drug_1507
0.8951,0.8951,ACH-000801,Drug_665
0.839,0.839,ACH-000801,Drug_1005
0.9571,0.9571,ACH-000801,Drug_1040
0.8648,0.8648,ACH-000813,Drug_749
0.7904,0.7904,ACH-000813,Drug_1326
0.5306,0.5306,ACH-000813,Drug_490
0.9889,0.9889,ACH-000813,Drug_558
0.7502,0.7502,ACH-000813,Drug_895
0.8073,0.8073,ACH-000813,Drug_1279
0.7031,0.7031,ACH-000813,Drug_1087
0.9181,0.9181,ACH-000813,Drug_768
0.4395,0.4395,ACH-000813,Drug_1127
0.7705,0.7705,ACH-000813,Drug_685
0.9661,0.9661,ACH-000813,Drug_413
0.957,0.957,ACH-000813,Drug_564
0.7687,0.7687,ACH-000813,Drug_870
0.8586,0.8586,ACH-000813,Drug_1520
0.8179,0.8179,ACH-000813,Drug_643
0.8505,0.8505,ACH-000813,Drug_883
0.4425,0.4425,ACH-000813,Drug_614
0.8464,0.8464,ACH-000813,Drug_802
0.8701,0.8701,ACH-000813,Drug_435
0.9301,0.9301,ACH-000813,Drug_1507
0.9102,0.9102,ACH-000813,Drug_665
0.9223,0.9223,ACH-000813,Drug_1005
1.0,1.0,ACH-000813,Drug_1040
0.7456,0.7456,ACH-000837,Drug_749
0.7411,0.7411,ACH-000837,Drug_1326
0.4957,0.4957,ACH-000837,Drug_490
0.8621,0.8621,ACH-000837,Drug_558
0.5993,0.5993,ACH-000837,Drug_895
0.6635,0.6635,ACH-000837,Drug_195
0.9252,0.9252,ACH-000837,Drug_1279
0.3761,0.3761,ACH-000837,Drug_1127
0.6309,0.6309,ACH-000837,Drug_685
0.8927,0.8927,ACH-000837,Drug_413
0.8517,0.8517,ACH-000837,Drug_1520
0.9145,0.9145,ACH-000837,Drug_643
0.6689,0.6689,ACH-000837,Drug_883
0.4725,0.4725,ACH-000837,Drug_614
0.9968,0.9968,ACH-000837,Drug_802
0.6974,0.6974,ACH-000837,Drug_435
0.9892,0.9892,ACH-000837,Drug_1507
0.7196,0.7196,ACH-000837,Drug_665
0.8334,0.8334,ACH-000837,Drug_1005
0.9252,0.9252,ACH-000837,Drug_1040
0.86,0.86,ACH-000845,Drug_749
0.8447,0.8447,ACH-000845,Drug_1326
0.5469,0.5469,ACH-000845,Drug_490
0.9705,0.9705,ACH-000845,Drug_558
0.7529,0.7529,ACH-000845,Drug_895
0.8087,0.8087,ACH-000845,Drug_195
0.9543,0.9543,ACH-000845,Drug_1279
0.8821,0.8821,ACH-000845,Drug_1087
0.5666,0.5666,ACH-000845,Drug_1127
0.9191,0.9191,ACH-000845,Drug_685
0.9828,0.9828,ACH-000845,Drug_413
0.857,0.857,ACH-000845,Drug_564
0.8055,0.8055,ACH-000845,Drug_870
0.8223,0.8223,ACH-000845,Drug_643
0.5936,0.5936,ACH-000845,Drug_614
0.8361,0.8361,ACH-000845,Drug_802
0.8308,0.8308,ACH-000845,Drug_435
0.9709,0.9709,ACH-000845,Drug_1507
0.9065,0.9065,ACH-000845,Drug_1005
0.7371,0.7371,ACH-000899,Drug_749
0.8874,0.8874,ACH-000899,Drug_558
0.5583,0.5583,ACH-000899,Drug_895
0.6371,0.6371,ACH-000899,Drug_195
0.9503,0.9503,ACH-000899,Drug_1279
0.3217,0.3217,ACH-000899,Drug_1087
0.4579,0.4579,ACH-000899,Drug_1127
0.8011,0.8011,ACH-000899,Drug_413
0.5914,0.5914,ACH-000899,Drug_564
0.617,0.617,ACH-000899,Drug_870
0.888,0.888,ACH-000899,Drug_1520
0.792,0.792,ACH-000899,Drug_643
0.85,0.85,ACH-000899,Drug_883
0.5146,0.5146,ACH-000899,Drug_614
0.8552,0.8552,ACH-000899,Drug_802
0.9462,0.9462,ACH-000899,Drug_435
0.9124,0.9124,ACH-000899,Drug_1507
0.822,0.822,ACH-000899,Drug_1005
0.838,0.838,ACH-000899,Drug_1040
0.9027,0.9027,ACH-000909,Drug_749
0.7569,0.7569,ACH-000909,Drug_1326
0.4065,0.4065,ACH-000909,Drug_490
0.9413,0.9413,ACH-000909,Drug_558
0.9409,0.9409,ACH-000909,Drug_1279
0.353,0.353,ACH-000909,Drug_1127
0.9313,0.9313,ACH-000909,Drug_685
0.8789,0.8789,ACH-000909,Drug_564
0.93,0.93,ACH-000909,Drug_883
0.4652,0.4652,ACH-000909,Drug_614
0.8171,0.8171,ACH-000909,Drug_802
0.8472,0.8472,ACH-000909,Drug_435
0.8165,0.8165,ACH-000909,Drug_1507
0.8582,0.8582,ACH-000909,Drug_665
0.8025,0.8025,ACH-000909,Drug_1005
0.8614,0.8614,ACH-000001,Drug_749
0.7941,0.7941,ACH-000001,Drug_1326
0.4888,0.4888,ACH-000001,Drug_490
0.8136,0.8136,ACH-000001,Drug_558
0.6046,0.6046,ACH-000001,Drug_895
0.7459,0.7459,ACH-000001,Drug_195
0.968,0.968,ACH-000001,Drug_1279
0.8177,0.8177,ACH-000001,Drug_1087
0.9783,0.9783,ACH-000001,Drug_768
0.4536,0.4536,ACH-000001,Drug_1127
0.9088,0.9088,ACH-000001,Drug_685
0.8667,0.8667,ACH-000001,Drug_413
0.8963,0.8963,ACH-000001,Drug_564
0.7239,0.7239,ACH-000001,Drug_1520
0.894,0.894,ACH-000001,Drug_643
0.83,0.83,ACH-000001,Drug_883
0.7355,0.7355,ACH-000001,Drug_614
0.9799,0.9799,ACH-000001,Drug_802
0.822,0.822,ACH-000001,Drug_435
0.9459,0.9459,ACH-000001,Drug_1507
0.7218,0.7218,ACH-000001,Drug_665
0.8245,0.8245,ACH-000001,Drug_1005
0.9375,0.9375,ACH-000005,Drug_749
0.9318,0.9318,ACH-000005,Drug_1326
0.4813,0.4813,ACH-000005,Drug_490
0.9586,0.9586,ACH-000005,Drug_558
0.9413,0.9413,ACH-000005,Drug_1279
0.9418,0.9418,ACH-000005,Drug_1087
0.9513,0.9513,ACH-000005,Drug_685
0.9168,0.9168,ACH-000005,Drug_413
0.7954,0.7954,ACH-000005,Drug_870
0.931,0.931,ACH-000005,Drug_1520
0.8595,0.8595,ACH-000005,Drug_643
0.9693,0.9693,ACH-000005,Drug_883
0.7388,0.7388,ACH-000005,Drug_614
0.961,0.961,ACH-000005,Drug_802
0.9937,0.9937,ACH-000005,Drug_435
0.9334,0.9334,ACH-000005,Drug_1507
0.9905,0.9905,ACH-000005,Drug_1005
0.9899,0.9899,ACH-000005,Drug_1040
0.6939,0.6939,ACH-000007,Drug_749
0.8166,0.8166,ACH-000007,Drug_1326
0.4515,0.4515,ACH-000007,Drug_490
0.8167,0.8167,ACH-000007,Drug_558
0.6092,0.6092,ACH-000007,Drug_895
0.5245,0.5245,ACH-000007,Drug_195
0.8905,0.8905,ACH-000007,Drug_1279
0.4469,0.4469,ACH-000007,Drug_1087
0.7964,0.7964,ACH-000007,Drug_768
0.4383,0.4383,ACH-000007,Drug_1127
0.6206,0.6206,ACH-000007,Drug_685
0.8287,0.8287,ACH-000007,Drug_413
0.97,0.97,ACH-000007,Drug_564
0.7525,0.7525,ACH-000007,Drug_870
0.6596,0.6596,ACH-000007,Drug_1520
0.7634,0.7634,ACH-000007,Drug_643
0.4736,0.4736,ACH-000007,Drug_614
0.7278,0.7278,ACH-000007,Drug_435
0.7682,0.7682,ACH-000007,Drug_1507
0.8136,0.8136,ACH-000007,Drug_665
0.8004,0.8004,ACH-000007,Drug_1040
0.7527,0.7527,ACH-000009,Drug_749
0.4404,0.4404,ACH-000009,Drug_490
0.838,0.838,ACH-000009,Drug_558
0.7656,0.7656,ACH-000009,Drug_195
0.8352,0.8352,ACH-000009,Drug_1279
0.6666,0.6666,ACH-000009,Drug_1087
0.8578,0.8578,ACH-000009,Drug_768
0.8091,0.8091,ACH-000009,Drug_413
0.935,0.935,ACH-000009,Drug_564
0.7629,0.7629,ACH-000009,Drug_1520
0.8325,0.8325,ACH-000009,Drug_643
0.8162,0.8162,ACH-000009,Drug_883
0.7051,0.7051,ACH-000009,Drug_614
0.7571,0.7571,ACH-000009,Drug_435
0.927,0.927,ACH-000009,Drug_1507
0.8165,0.8165,ACH-000009,Drug_1005
0.986,0.986,ACH-000009,Drug_1040
0.6191,0.6191,ACH-000012,Drug_1326
0.5249,0.5249,ACH-000012,Drug_490
0.949,0.949,ACH-000012,Drug_558
0.7437,0.7437,ACH-000012,Drug_195
0.8973,0.8973,ACH-000012,Drug_1279
0.5321,0.5321,ACH-000012,Drug_1127
0.9837,0.9837,ACH-000012,Drug_685
0.9266,0.9266,ACH-000012,Drug_564
0.778,0.778,ACH-000012,Drug_1520
0.5066,0.5066,ACH-000012,Drug_883
0.6259,0.6259,ACH-000012,Drug_614
0.8838,0.8838,ACH-000012,Drug_802
0.7957,0.7957,ACH-000012,Drug_435
0.9847,0.9847,ACH-000012,Drug_1507
0.6335,0.6335,ACH-000012,Drug_665
0.952,0.952,ACH-000012,Drug_1005
0.8368,0.8368,ACH-000012,Drug_1040
0.8295,0.8295,ACH-000013,Drug_749
0.7623,0.7623,ACH-000013,Drug_1326
0.8334,0.8334,ACH-000013,Drug_558
0.6397,0.6397,ACH-000013,Drug_895
0.6365,0.6365,ACH-000013,Drug_195
0.9347,0.9347,ACH-000013,Drug_1279
0.8491,0.8491,ACH-000013,Drug_1087
0.8596,0.8596,ACH-000013,Drug_768
0.2793,0.2793,ACH-000013,Drug_1127
0.896,0.896,ACH-000013,Drug_685
0.8758,0.8758,ACH-000013,Drug_413
0.8308,0.8308,ACH-000013,Drug_564
0.7359,0.7359,ACH-000013,Drug_870
0.845,0.845,ACH-000013,Drug_1520
0.8837,0.8837,ACH-000013,Drug_643
0.8073,0.8073,ACH-000013,Drug_883
0.6344,0.6344,ACH-000013,Drug_614
0.9597,0.9597,ACH-000013,Drug_802
0.8435,0.8435,ACH-000013,Drug_435
0.9656,0.9656,ACH-000013,Drug_1507
0.7408,0.7408,ACH-000013,Drug_665
0.8675,0.8675,ACH-000013,Drug_1040
0.9235,0.9235,ACH-000014,Drug_1326
1.0,1.0,ACH-000014,Drug_558
0.6009,0.6009,ACH-000014,Drug_895
0.6732,0.6732,ACH-000014,Drug_195
0.7373,0.7373,ACH-000014,Drug_1087
0.943,0.943,ACH-000014,Drug_768
0.4244,0.4244,ACH-000014,Drug_1127
0.8527,0.8527,ACH-000014,Drug_685
0.9522,0.9522,ACH-000014,Drug_413
0.889,0.889,ACH-000014,Drug_564
0.7791,0.7791,ACH-000014,Drug_870
0.8042,0.8042,ACH-000014,Drug_1520
0.8813,0.8813,ACH-000014,Drug_643
0.8773,0.8773,ACH-000014,Drug_883
0.6112,0.6112,ACH-000014,Drug_614
0.8285,0.8285,ACH-000014,Drug_1507
0.8271,0.8271,ACH-000014,Drug_665
0.8678,0.8678,ACH-000014,Drug_1005
0.8801,0.8801,ACH-000014,Drug_1040
0.8383,0.8383,ACH-000017,Drug_1326
0.4095,0.4095,ACH-000017,Drug_490
0.4799,0.4799,ACH-000017,Drug_895
0.5009,0.5009,ACH-000017,Drug_195
0.9059,0.9059,ACH-000017,Drug_1279
0.983,0.983,ACH-000017,Drug_1087
1.0,1.0,ACH-000017,Drug_768
0.4592,0.4592,ACH-000017,Drug_1127
0.9914,0.9914,ACH-000017,Drug_685
0.8261,0.8261,ACH-000017,Drug_413
0.917,0.917,ACH-000017,Drug_564
0.7356,0.7356,ACH-000017,Drug_870
0.994,0.994,ACH-000017,Drug_1520
0.9012,0.9012,ACH-000017,Drug_643
0.622,0.622,ACH-000017,Drug_614
0.621,0.621,ACH-000017,Drug_435
0.995,0.995,ACH-000017,Drug_1507
1.0,1.0,ACH-000017,Drug_1005
0.8408,0.8408,ACH-000018,Drug_749
0.8622,0.8622,ACH-000018,Drug_1326
0.4893,0.4893,ACH-000018,Drug_490
0.5207,0.5207,ACH-000018,Drug_895
0.5723,0.5723,ACH-000018,Drug_195
0.9105,0.9105,ACH-000018,Drug_1279
0.7351,0.7351,ACH-000018,Drug_1087
0.9601,0.9601,ACH-000018,Drug_768
0.8093,0.8093,ACH-000018,Drug_685
0.8553,0.8553,ACH-000018,Drug_413
0.8575,0.8575,ACH-000018,Drug_564
0.6735,0.6735,ACH-000018,Drug_870
0.7605,0.7605,ACH-000018,Drug_1520
0.7439,0.7439,ACH-000018,Drug_643
0.8123,0.8123,ACH-000018,Drug_883
0.5974,0.5974,ACH-000018,Drug_614
0.9356,0.9356,ACH-000018,Drug_435
0.8013,0.8013,ACH-000018,Drug_665
0.8592,0.8592,ACH-000018,Drug_1005
0.883,0.883,ACH-000018,Drug_1040
0.6379,0.6379,ACH-000019,Drug_749
0.8158,0.8158,ACH-000019,Drug_1326
0.5891,0.5891,ACH-000019,Drug_895
0.7304,0.7304,ACH-000019,Drug_195
0.9264,0.9264,ACH-000019,Drug_1279
0.7853,0.7853,ACH-000019,Drug_1087
0.7775,0.7775,ACH-000019,Drug_768
0.1678,0.1678,ACH-000019,Drug_1127
0.7931,0.7931,ACH-000019,Drug_685
0.8812,0.8812,ACH-000019,Drug_413
0.7337,0.7337,ACH-000019,Drug_564
0.9099,0.9099,ACH-000019,Drug_870
0.7898,0.7898,ACH-000019,Drug_643
0.8656,0.8656,ACH-000019,Drug_883
0.5095,0.5095,ACH-000019,Drug_614
0.85,0.85,ACH-000019,Drug_802
0.9398,0.9398,ACH-000019,Drug_1507
0.956,0.956,ACH-000019,Drug_665
0.9569,0.9569,ACH-000019,Drug_1040
0.9249,0.9249,ACH-000024,Drug_749
0.8778,0.8778,ACH-000024,Drug_1326
0.2532,0.2532,ACH-000024,Drug_490
0.9575,0.9575,ACH-000024,Drug_558
0.9883,0.9883,ACH-000024,Drug_1279
1.0,1.0,ACH-000024,Drug_768
0.5506,0.5506,ACH-000024,Drug_1127
0.9021,0.9021,ACH-000024,Drug_685
0.955,0.955,ACH-000024,Drug_564
0.8621,0.8621,ACH-000024,Drug_870
0.8549,0.8549,ACH-000024,Drug_1520
0.6796,0.6796,ACH-000024,Drug_614
0.9927,0.9927,ACH-000024,Drug_435
0.9526,0.9526,ACH-000024,Drug_1507
0.9208,0.9208,ACH-000024,Drug_665
0.9278,0.9278,ACH-000024,Drug_1005
0.9379,0.9379,ACH-000024,Drug_1040
0.8464,0.8464,ACH-000035,Drug_749
0.668,0.668,ACH-000035,Drug_1326
0.5498,0.5498,ACH-000035,Drug_490
0.7427,0.7427,ACH-000035,Drug_195
0.85,0.85,ACH-000035,Drug_1279
0.9516,0.9516,ACH-000035,Drug_1087
0.9573,0.9573,ACH-000035,Drug_768
0.5138,0.5138,ACH-000035,Drug_1127
0.9499,0.9499,ACH-000035,Drug_685
0.8186,0.8186,ACH-000035,Drug_413
0.9232,0.9232,ACH-000035,Drug_564
0.8043,0.8043,ACH-000035,Drug_870
0.8558,0.8558,ACH-000035,Drug_1520
0.8035,0.8035,ACH-000035,Drug_643
0.7916,0.7916,ACH-000035,Drug_883
0.5153,0.5153,ACH-000035,Drug_614
0.9651,0.9651,ACH-000035,Drug_802
0.8016,0.8016,ACH-000035,Drug_435
0.9306,0.9306,ACH-000035,Drug_1507
0.7225,0.7225,ACH-000035,Drug_665
0.8317,0.8317,ACH-000035,Drug_1005
0.8061,0.8061,ACH-000035,Drug_1040
0.9052,0.9052,ACH-000040,Drug_749
0.4702,0.4702,ACH-000040,Drug_490
0.9695,0.9695,ACH-000040,Drug_558
0.5646,0.5646,ACH-000040,Drug_895
0.6138,0.6138,ACH-000040,Drug_195
0.8908,0.8908,ACH-000040,Drug_1279
0.8901,0.8901,ACH-000040,Drug_1087
0.9213,0.9213,ACH-000040,Drug_768
0.3923,0.3923,ACH-000040,Drug_1127
0.8886,0.8886,ACH-000040,Drug_685
0.8486,0.8486,ACH-000040,Drug_413
0.9578,0.9578,ACH-000040,Drug_564
0.7965,0.7965,ACH-000040,Drug_870
0.9672,0.9672,ACH-000040,Drug_883
0.5463,0.5463,ACH-000040,Drug_614
0.9638,0.9638,ACH-000040,Drug_802
0.9802,0.9802,ACH-000040,Drug_1507
0.9969,0.9969,ACH-000040,Drug_665
0.8317,0.8317,ACH-000040,Drug_1005
0.9665,0.9665,ACH-000040,Drug_1040
0.7204,0.7204,ACH-000042,Drug_749
0.7205,0.7205,ACH-000042,Drug_1326
0.4677,0.4677,ACH-000042,Drug_490
0.8121,0.8121,ACH-000042,Drug_558
0.6298,0.6298,ACH-000042,Drug_895
0.6614,0.6614,ACH-000042,Drug_195
0.9633,0.9633,ACH-000042,Drug_1279
0.4142,0.4142,ACH-000042,Drug_1087
0.8849,0.8849,ACH-000042,Drug_768
0.5504,0.5504,ACH-000042,Drug_1127
0.5682,0.5682,ACH-000042,Drug_685
0.8083,0.8083,ACH-000042,Drug_870
0.7601,0.7601,ACH-000042,Drug_1520
0.8387,0.8387,ACH-000042,Drug_643
0.8365,0.8365,ACH-000042,Drug_883
0.9509,0.9509,ACH-000042,Drug_802
0.7787,0.7787,ACH-000042,Drug_435
0.9274,0.9274,ACH-000042,Drug_1507
0.7105,0.7105,ACH-000042,Drug_665
0.7838,0.7838,ACH-000042,Drug_1005
0.8632,0.8632,ACH-000042,Drug_1040
0.8126,0.8126,ACH-000046,Drug_749
0.7068,0.7068,ACH-000046,Drug_1326
0.8381,0.8381,ACH-000046,Drug_558
0.5659,0.5659,ACH-000046,Drug_195
0.9088,0.9088,ACH-000046,Drug_1279
0.7721,0.7721,ACH-000046,Drug_1087
0.546,0.546,ACH-000046,Drug_1127
0.8189,0.8189,ACH-000046,Drug_685
0.899,0.899,ACH-000046,Drug_564
0.6818,0.6818,ACH-000046,Drug_870
0.8212,0.8212,ACH-000046,Drug_1520
0.8174,0.8174,ACH-000046,Drug_643
0.7041,0.7041,ACH-000046,Drug_614
0.8656,0.8656,ACH-000046,Drug_802
0.8468,0.8468,ACH-000046,Drug_435
0.8046,0.8046,ACH-000046,Drug_665
0.9549,0.9549,ACH-000046,Drug_1040
0.8562,0.8562,ACH-000048,Drug_749
0.4795,0.4795,ACH-000048,Drug_490
0.8059,0.8059,ACH-000048,Drug_558
0.528,0.528,ACH-000048,Drug_895
0.543,0.543,ACH-000048,Drug_195
0.8451,0.8451,ACH-000048,Drug_1087
0.8245,0.8245,ACH-000048,Drug_768
0.3276,0.3276,ACH-000048,Drug_1127
0.9687,0.9687,ACH-000048,Drug_685
0.8797,0.8797,ACH-000048,Drug_413
0.8601,0.8601,ACH-000048,Drug_564
0.7404,0.7404,ACH-000048,Drug_1520
0.8308,0.8308,ACH-000048,Drug_883
0.6675,0.6675,ACH-000048,Drug_614
0.9501,0.9501,ACH-000048,Drug_802
0.8556,0.8556,ACH-000048,Drug_435
0.8895,0.8895,ACH-000048,Drug_1507
0.8234,0.8234,ACH-000048,Drug_665
0.8909,0.8909,ACH-000048,Drug_1005
0.9229,0.9229,ACH-000048,Drug_1040
0.7602,0.7602,ACH-000052,Drug_749
0.8168,0.8168,ACH-000052,Drug_1326
0.457,0.457,ACH-000052,Drug_490
0.9649,0.9649,ACH-000052,Drug_558
0.884,0.884,ACH-000052,Drug_1087
0.884,0.884,ACH-000052,Drug_768
0.8283,0.8283,ACH-000052,Drug_685
0.722,0.722,ACH-000052,Drug_870
0.7457,0.7457,ACH-000052,Drug_1520
0.8143,0.8143,ACH-000052,Drug_643
0.896,0.896,ACH-000052,Drug_883
0.6032,0.6032,ACH-000052,Drug_614
0.9647,0.9647,ACH-000052,Drug_802
0.9027,0.9027,ACH-000052,Drug_1507
0.8961,0.8961,ACH-000052,Drug_665
0.7905,0.7905,ACH-000052,Drug_1005
0.8048,0.8048,ACH-000054,Drug_749
0.797,0.797,ACH-000054,Drug_1326
0.4428,0.4428,ACH-000054,Drug_490
0.5826,0.5826,ACH-000054,Drug_195
0.2833,0.2833,ACH-000054,Drug_1127
0.7515,0.7515,ACH-000054,Drug_685
0.9468,0.9468,ACH-000054,Drug_564
0.7387,0.7387,ACH-000054,Drug_870
0.8688,0.8688,ACH-000054,Drug_1520
0.8816,0.8816,ACH-000054,Drug_643
0.9603,0.9603,ACH-000054,Drug_883
0.5261,0.5261,ACH-000054,Drug_614
0.9227,0.9227,ACH-000054,Drug_802
0.8681,0.8681,ACH-000054,Drug_435
0.8705,0.8705,ACH-000054,Drug_1507
0.9681,0.9681,ACH-000054,Drug_665
0.9332,0.9332,ACH-000054,Drug_1040
0.7954,0.7954,ACH-000056,Drug_749
0.811,0.811,ACH-000056,Drug_1326
0.3703,0.3703,ACH-000056,Drug_490
0.7764,0.7764,ACH-000056,Drug_558
0.4772,0.4772,ACH-000056,Drug_895
0.5012,0.5012,ACH-000056,Drug_195
0.9711,0.9711,ACH-000056,Drug_1087
0.8297,0.8297,ACH-000056,Drug_768
0.4486,0.4486,ACH-000056,Drug_1127
0.9465,0.9465,ACH-000056,Drug_685
0.8231,0.8231,ACH-000056,Drug_413
0.8401,0.8401,ACH-000056,Drug_564
0.7273,0.7273,ACH-000056,Drug_1520
0.7652,0.7652,ACH-000056,Drug_643
0.9061,0.9061,ACH-000056,Drug_883
0.6396,0.6396,ACH-000056,Drug_614
0.7802,0.7802,ACH-000056,Drug_802
0.7988,0.7988,ACH-000056,Drug_435
0.8173,0.8173,ACH-000056,Drug_665
0.8361,0.8361,ACH-000056,Drug_1005
0.7693,0.7693,ACH-000056,Drug_1040
0.7921,0.7921,ACH-000060,Drug_749
0.8129,0.8129,ACH-000060,Drug_558
0.5703,0.5703,ACH-000060,Drug_895
0.5967,0.5967,ACH-000060,Drug_195
1.0,1.0,ACH-000060,Drug_1279
0.5775,0.5775,ACH-000060,Drug_1087
0.9457,0.9457,ACH-000060,Drug_768
0.392,0.392,ACH-000060,Drug_1127
0.8334,0.8334,ACH-000060,Drug_413
0.9523,0.9523,ACH-000060,Drug_564
0.8548,0.8548,ACH-000060,Drug_870
0.8239,0.8239,ACH-000060,Drug_1520
0.8216,0.8216,ACH-000060,Drug_643
0.8869,0.8869,ACH-000060,Drug_883
0.6118,0.6118,ACH-000060,Drug_614
0.926,0.926,ACH-000060,Drug_1507
0.7494,0.7494,ACH-000060,Drug_665
0.8141,0.8141,ACH-000060,Drug_1005
0.981,0.981,ACH-000060,Drug_1040
0.9455,0.9455,ACH-000061,Drug_749
0.8456,0.8456,ACH-000061,Drug_1326
0.3423,0.3423,ACH-000061,Drug_490
0.8058,0.8058,ACH-000061,Drug_558
0.5853,0.5853,ACH-000061,Drug_195
0.9644,0.9644,ACH-000061,Drug_1279
0.9846,0.9846,ACH-000061,Drug_1087
0.843,0.843,ACH-000061,Drug_768
0.499,0.499,ACH-000061,Drug_1127
0.9659,0.9659,ACH-000061,Drug_685
0.8635,0.8635,ACH-000061,Drug_564
0.8767,0.8767,ACH-000061,Drug_870
0.8621,0.8621,ACH-000061,Drug_1520
0.8426,0.8426,ACH-000061,Drug_1507
0.9641,0.9641,ACH-000061,Drug_665
0.8208,0.8208,ACH-000061,Drug_1005
0.7977,0.7977,ACH-000061,Drug_1040
0.8742,0.8742,ACH-000062,Drug_1326
0.5337,0.5337,ACH-000062,Drug_490
0.9854,0.9854,ACH-000062,Drug_558
0.8097,0.8097,ACH-000062,Drug_195
0.7976,0.7976,ACH-000062,Drug_1087
0.8705,0.8705,ACH-000062,Drug_768
0.2842,0.2842,ACH-000062,Drug_1127
0.8551,0.8551,ACH-000062,Drug_413
0.9229,0.9229,ACH-000062,Drug_564
0.8142,0.8142,ACH-000062,Drug_870
0.9312,0.9312,ACH-000062,Drug_1520
0.9957,0.9957,ACH-000062,Drug_883
0.8434,0.8434,ACH-000062,Drug_435
0.9565,0.9565,ACH-000062,Drug_1507
0.8588,0.8588,ACH-000062,Drug_665
0.9216,0.9216,ACH-000062,Drug_1005
0.9474,0.9474,ACH-000062,Drug_1040
0.75,0.75,ACH-000065,Drug_749
0.6962,0.6962,ACH-000065,Drug_558
0.957,0.957,ACH-000065,Drug_1279
0.626,0.626,ACH-000065,Drug_1087
0.7935,0.7935,ACH-000065,Drug_768
0.7165,0.7165,ACH-000065,Drug_685
0.8413,0.8413,ACH-000065,Drug_413
0.7263,0.7263,ACH-000065,Drug_870
0.6531,0.6531,ACH-000065,Drug_1520
0.6805,0.6805,ACH-000065,Drug_643
0.6171,0.6171,ACH-000065,Drug_614
0.9109,0.9109,ACH-000065,Drug_802
0.9665,0.9665,ACH-000065,Drug_435
0.8359,0.8359,ACH-000065,Drug_1507
0.8326,0.8326,ACH-000065,Drug_665
0.7783,0.7783,ACH-000065,Drug_1005
0.6397,0.6397,ACH-000066,Drug_1326
0.5307,0.5307,ACH-000066,Drug_490
0.83,0.83,ACH-000066,Drug_558
0.6263,0.6263,ACH-000066,Drug_895
0.7435,0.7435,ACH-000066,Drug_195
0.875,0.875,ACH-000066,Drug_1279
0.7342,0.7342,ACH-000066,Drug_1087
0.914,0.914,ACH-000066,Drug_768
0.8902,0.8902,ACH-000066,Drug_685
0.8068,0.8068,ACH-000066,Drug_413
0.9433,0.9433,ACH-000066,Drug_564
0.7305,0.7305,ACH-000066,Drug_870
0.7392,0.7392,ACH-000066,Drug_1520
0.8954,0.8954,ACH-000066,Drug_643
0.5393,0.5393,ACH-000066,Drug_883
0.6294,0.6294,ACH-000066,Drug_614
0.969,0.969,ACH-000066,Drug_802
0.7081,0.7081,ACH-000066,Drug_435
0.9826,0.9826,ACH-000066,Drug_1507
0.706,0.706,ACH-000066,Drug_665
0.8261,0.8261,ACH-000066,Drug_1040
0.8016,0.8016,ACH-000067,Drug_749
0.9561,0.9561,ACH-000067,Drug_1326
0.5419,0.5419,ACH-000067,Drug_490
0.9824,0.9824,ACH-000067,Drug_558
0.6358,0.6358,ACH-000067,Drug_195
0.9453,0.9453,ACH-000067,Drug_1279
0.8279,0.8279,ACH-000067,Drug_1087
0.9424,0.9424,ACH-000067,Drug_768
0.3809,0.3809,ACH-000067,Drug_1127
0.9478,0.9478,ACH-000067,Drug_685
0.9435,0.9435,ACH-000067,Drug_413
0.9544,0.9544,ACH-000067,Drug_564
0.7525,0.7525,ACH-000067,Drug_1520
0.8372,0.8372,ACH-000067,Drug_643
0.9804,0.9804,ACH-000067,Drug_883
0.5257,0.5257,ACH-000067,Drug_614
0.9908,0.9908,ACH-000067,Drug_435
0.9742,0.9742,ACH-000067,Drug_1507
0.8355,0.8355,ACH-000067,Drug_665
0.7949,0.7949,ACH-000067,Drug_1005
0.8602,0.8602,ACH-000067,Drug_1040
0.7692,0.7692,ACH-000070,Drug_749
0.7777,0.7777,ACH-000070,Drug_1326
0.3723,0.3723,ACH-000070,Drug_490
0.7869,0.7869,ACH-000070,Drug_558
0.4337,0.4337,ACH-000070,Drug_195
0.7091,0.7091,ACH-000070,Drug_768
0.1224,0.1224,ACH-000070,Drug_1127
0.7852,0.7852,ACH-000070,Drug_685
0.7707,0.7707,ACH-000070,Drug_413
0.8391,0.8391,ACH-000070,Drug_564
0.6042,0.6042,ACH-000070,Drug_870
0.6499,0.6499,ACH-000070,Drug_1520
0.6583,0.6583,ACH-000070,Drug_643
0.7842,0.7842,ACH-000070,Drug_883
0.6313,0.6313,ACH-000070,Drug_614
0.7428,0.7428,ACH-000070,Drug_802
0.7097,0.7097,ACH-000070,Drug_1507
0.8033,0.8033,ACH-000070,Drug_665
0.7265,0.7265,ACH-000070,Drug_1005
0.8267,0.8267,ACH-000072,Drug_749
0.7003,0.7003,ACH-000072,Drug_1326
0.4878,0.4878,ACH-000072,Drug_490
0.9637,0.9637,ACH-000072,Drug_558
0.6255,0.6255,ACH-000072,Drug_895
0.6166,0.6166,ACH-000072,Drug_195
0.9435,0.9435,ACH-000072,Drug_1279
0.5763,0.5763,ACH-000072,Drug_1087
0.8446,0.8446,ACH-000072,Drug_768
0.5335,0.5335,ACH-000072,Drug_1127
0.7098,0.7098,ACH-000072,Drug_685
0.4812,0.4812,ACH-000072,Drug_413
0.9441,0.9441,ACH-000072,Drug_564
0.7017,0.7017,ACH-000072,Drug_870
0.8486,0.8486,ACH-000072,Drug_1520
0.7449,0.7449,ACH-000072,Drug_643
0.8308,0.8308,ACH-000072,Drug_883
0.6668,0.6668,ACH-000072,Drug_614
0.8223,0.8223,ACH-000072,Drug_435
0.7317,0.7317,ACH-000072,Drug_1005
0.9706,0.9706,ACH-000072,Drug_1040
0.8523,0.8523,ACH-000073,Drug_749
0.4494,0.4494,ACH-000073,Drug_490
0.8434,0.8434,ACH-000073,Drug_558
0.4504,0.4504,ACH-000073,Drug_895
0.4763,0.4763,ACH-000073,Drug_195
0.9502,0.9502,ACH-000073,Drug_1279
0.8714,0.8714,ACH-000073,Drug_1087
0.7818,0.7818,ACH-000073,Drug_768
0.2384,0.2384,ACH-000073,Drug_1127
0.7569,0.7569,ACH-000073,Drug_413
0.985,0.985,ACH-000073,Drug_564
0.8146,0.8146,ACH-000073,Drug_870
0.7571,0.7571,ACH-000073,Drug_643
0.9578,0.9578,ACH-000073,Drug_883
0.6265,0.6265,ACH-000073,Drug_614
0.9238,0.9238,ACH-000073,Drug_802
0.9845,0.9845,ACH-000073,Drug_435
0.8394,0.8394,ACH-000073,Drug_1507
0.7927,0.7927,ACH-000073,Drug_665
0.8593,0.8593,ACH-000073,Drug_1005
0.7788,0.7788,ACH-000073,Drug_1040
0.8516,0.8516,ACH-000074,Drug_749
0.6122,0.6122,ACH-000074,Drug_1326
0.4525,0.4525,ACH-000074,Drug_490
0.6206,0.6206,ACH-000074,Drug_895
0.595,0.595,ACH-000074,Drug_195
0.4482,0.4482,ACH-000074,Drug_1087
0.7967,0.7967,ACH-000074,Drug_768
0.2254,0.2254,ACH-000074,Drug_1127
0.4247,0.4247,ACH-000074,Drug_413
0.9812,0.9812,ACH-000074,Drug_564
0.6795,0.6795,ACH-000074,Drug_870
0.7269,0.7269,ACH-000074,Drug_643
0.806,0.806,ACH-000074,Drug_883
0.5329,0.5329,ACH-000074,Drug_614
0.8317,0.8317,ACH-000074,Drug_802
0.9725,0.9725,ACH-000074,Drug_1507
0.6298,0.6298,ACH-000074,Drug_665
0.7091,0.7091,ACH-000074,Drug_1005
0.9712,0.9712,ACH-000074,Drug_1040
0.9296,0.9296,ACH-000075,Drug_1326
0.5126,0.5126,ACH-000075,Drug_490
0.9894,0.9894,ACH-000075,Drug_558
0.728,0.728,ACH-000075,Drug_895
0.7692,0.7692,ACH-000075,Drug_195
0.9628,0.9628,ACH-000075,Drug_1279
0.8913,0.8913,ACH-000075,Drug_768
0.4807,0.4807,ACH-000075,Drug_1127
0.9598,0.9598,ACH-000075,Drug_685
0.9527,0.9527,ACH-000075,Drug_413
0.9593,0.9593,ACH-000075,Drug_564
0.787,0.787,ACH-000075,Drug_870
0.9039,0.9039,ACH-000075,Drug_1520
0.579,0.579,ACH-000075,Drug_614
0.95,0.95,ACH-000075,Drug_802
0.9316,0.9316,ACH-000075,Drug_435
0.9519,0.9519,ACH-000075,Drug_1507
0.9801,0.9801,ACH-000075,Drug_1040
0.8707,0.8707,ACH-000080,Drug_749
0.6907,0.6907,ACH-000080,Drug_1326
0.5146,0.5146,ACH-000080,Drug_490
0.5128,0.5128,ACH-000080,Drug_195
0.9187,0.9187,ACH-000080,Drug_1279
0.568,0.568,ACH-000080,Drug_1087
0.761,0.761,ACH-000080,Drug_768
0.2776,0.2776,ACH-000080,Drug_1127
0.9541,0.9541,ACH-000080,Drug_413
0.9061,0.9061,ACH-000080,Drug_564
0.8012,0.8012,ACH-000080,Drug_870
0.8446,0.8446,ACH-000080,Drug_1520
0.801,0.801,ACH-000080,Drug_643
0.9762,0.9762,ACH-000080,Drug_883
0.5789,0.5789,ACH-000080,Drug_614
0.9421,0.9421,ACH-000080,Drug_802
0.9684,0.9684,ACH-000080,Drug_435
0.9099,0.9099,ACH-000080,Drug_1507
0.7077,0.7077,ACH-000080,Drug_665
1.0,1.0,ACH-000080,Drug_1005
0.8721,0.8721,ACH-000080,Drug_1040
0.7358,0.7358,ACH-000087,Drug_749
0.8124,0.8124,ACH-000087,Drug_1326
0.425,0.425,ACH-000087,Drug_895
0.4647,0.4647,ACH-000087,Drug_195
0.9584,0.9584,ACH-000087,Drug_1279
0.9934,0.9934,ACH-000087,Drug_1087
0.2945,0.2945,ACH-000087,Drug_1127
0.8313,0.8313,ACH-000087,Drug_564
0.6797,0.6797,ACH-000087,Drug_870
0.6562,0.6562,ACH-000087,Drug_1520
0.721,0.721,ACH-000087,Drug_643
0.677,0.677,ACH-000087,Drug_614
0.8264,0.8264,ACH-000087,Drug_435
0.8825,0.8825,ACH-000087,Drug_1507
0.9063,0.9063,ACH-000087,Drug_665
0.7821,0.7821,ACH-000087,Drug_1040
0.8106,0.8106,ACH-000090,Drug_1326
0.5536,0.5536,ACH-000090,Drug_490
0.83,0.83,ACH-000090,Drug_558
0.7001,0.7001,ACH-000090,Drug_195
0.9619,0.9619,ACH-000090,Drug_1087
0.4896,0.4896,ACH-000090,Drug_1127
0.9692,0.9692,ACH-000090,Drug_685
0.8412,0.8412,ACH-000090,Drug_413
0.901,0.901,ACH-000090,Drug_564
0.8463,0.8463,ACH-000090,Drug_643
0.8845,0.8845,ACH-000090,Drug_883
0.7313,0.7313,ACH-000090,Drug_614
0.9582,0.9582,ACH-000090,Drug_802
0.8371,0.8371,ACH-000090,Drug_435
0.7647,0.7647,ACH-000090,Drug_665
0.8916,0.8916,ACH-000090,Drug_1005
0.8472,0.8472,ACH-000090,Drug_1040
0.8506,0.8506,ACH-000092,Drug_749
0.8877,0.8877,ACH-000092,Drug_1326
0.8238,0.8238,ACH-000092,Drug_558
0.6021,0.6021,ACH-000092,Drug_195
0.8675,0.8675,ACH-000092,Drug_1279
0.8018,0.8018,ACH-000092,Drug_1087
0.8093,0.8093,ACH-000092,Drug_768
0.3707,0.3707,ACH-000092,Drug_1127
0.8716,0.8716,ACH-000092,Drug_685
0.8851,0.8851,ACH-000092,Drug_413
0.8954,0.8954,ACH-000092,Drug_564
0.7129,0.7129,ACH-000092,Drug_870
0.7781,0.7781,ACH-000092,Drug_1520
0.795,0.795,ACH-000092,Drug_643
0.8403,0.8403,ACH-000092,Drug_883
0.581,0.581,ACH-000092,Drug_614
0.9351,0.9351,ACH-000092,Drug_802
0.8673,0.8673,ACH-000092,Drug_435
0.8183,0.8183,ACH-000092,Drug_665
0.8245,0.8245,ACH-000092,Drug_1005
0.8728,0.8728,ACH-000092,Drug_1040
0.5677,0.5677,ACH-000094,Drug_490
0.976,0.976,ACH-000094,Drug_558
0.8643,0.8643,ACH-000094,Drug_1279
0.6317,0.6317,ACH-000094,Drug_1087
0.5146,0.5146,ACH-000094,Drug_1127
0.7933,0.7933,ACH-000094,Drug_685
0.9569,0.9569,ACH-000094,Drug_564
0.8762,0.8762,ACH-000094,Drug_870
0.8433,0.8433,ACH-000094,Drug_1520
0.8865,0.8865,ACH-000094,Drug_643
0.5692,0.5692,ACH-000094,Drug_614
0.7561,0.7561,ACH-000094,Drug_802
0.8249,0.8249,ACH-000094,Drug_1507
0.8024,0.8024,ACH-000094,Drug_1040
0.6963,0.6963,ACH-000096,Drug_749
0.7879,0.7879,ACH-000096,Drug_1326
0.4004,0.4004,ACH-000096,Drug_490
0.8129,0.8129,ACH-000096,Drug_558
0.496,0.496,ACH-000096,Drug_895
0.557,0.557,ACH-000096,Drug_195
0.9513,0.9513,ACH-000096,Drug_1279
0.7302,0.7302,ACH-000096,Drug_1087
0.8321,0.8321,ACH-000096,Drug_768
0.3209,0.3209,ACH-000096,Drug_1127
0.8162,0.8162,ACH-000096,Drug_685
0.935,0.935,ACH-000096,Drug_564
0.6881,0.6881,ACH-000096,Drug_870
0.6946,0.6946,ACH-000096,Drug_1520
0.7531,0.7531,ACH-000096,Drug_643
0.5253,0.5253,ACH-000096,Drug_614
0.8401,0.8401,ACH-000096,Drug_802
0.7871,0.7871,ACH-000096,Drug_1507
0.8167,0.8167,ACH-000096,Drug_665
0.7991,0.7991,ACH-000096,Drug_1005
0.8909,0.8909,ACH-000097,Drug_1326
0.4463,0.4463,ACH-000097,Drug_490
0.9491,0.9491,ACH-000097,Drug_558
0.5384,0.5384,ACH-000097,Drug_195
0.9016,0.9016,ACH-000097,Drug_1279
0.6982,0.6982,ACH-000097,Drug_1087
0.4677,0.4677,ACH-000097,Drug_1127
0.8904,0.8904,ACH-000097,Drug_685
0.845,0.845,ACH-000097,Drug_870
0.8743,0.8743,ACH-000097,Drug_1520
0.7797,0.7797,ACH-000097,Drug_643
0.8711,0.8711,ACH-000097,Drug_883
0.4833,0.4833,ACH-000097,Drug_614
0.8049,0.8049,ACH-000097,Drug_802
0.9033,0.9033,ACH-000097,Drug_435
0.8224,0.8224,ACH-000097,Drug_1507
0.871,0.871,ACH-000097,Drug_665
0.9259,0.9259,ACH-000097,Drug_1005
0.8161,0.8161,ACH-000097,Drug_1040
0.89,0.89,ACH-000098,Drug_749
0.8966,0.8966,ACH-000098,Drug_1326
0.5181,0.5181,ACH-000098,Drug_490
0.9651,0.9651,ACH-000098,Drug_558
0.7704,0.7704,ACH-000098,Drug_195
0.8899,0.8899,ACH-000098,Drug_1279
0.9123,0.9123,ACH-000098,Drug_1087
0.4315,0.4315,ACH-000098,Drug_1127
0.9741,0.9741,ACH-000098,Drug_564
0.8371,0.8371,ACH-000098,Drug_1520
0.8172,0.8172,ACH-000098,Drug_643
0.9654,0.9654,ACH-000098,Drug_883
0.8534,0.8534,ACH-000098,Drug_802
0.99,0.99,ACH-000098,Drug_435
0.912,0.912,ACH-000098,Drug_1507
0.8943,0.8943,ACH-000098,Drug_665
0.9828,0.9828,ACH-000098,Drug_1040
0.6644,0.6644,ACH-000099,Drug_749
0.8158,0.8158,ACH-000099,Drug_1326
0.4875,0.4875,ACH-000099,Drug_490
0.4892,0.4892,ACH-000099,Drug_195
0.9371,0.9371,ACH-000099,Drug_1279
0.6588,0.6588,ACH-000099,Drug_1087
0.8094,0.8094,ACH-000099,Drug_768
0.3572,0.3572,ACH-000099,Drug_1127
0.8073,0.8073,ACH-000099,Drug_685
0.8437,0.8437,ACH-000099,Drug_413
0.9679,0.9679,ACH-000099,Drug_564
0.7507,0.7507,ACH-000099,Drug_870
0.7069,0.7069,ACH-000099,Drug_1520
0.7861,0.7861,ACH-000099,Drug_643
0.8238,0.8238,ACH-000099,Drug_802
0.9727,0.9727,ACH-000099,Drug_435
0.9394,0.9394,ACH-000099,Drug_1507
0.869,0.869,ACH-000099,Drug_665
0.8238,0.8238,ACH-000099,Drug_1005
0.8557,0.8557,ACH-000099,Drug_1040
0.8601,0.8601,ACH-000102,Drug_749
0.8762,0.8762,ACH-000102,Drug_1326
0.5586,0.5586,ACH-000102,Drug_490
0.9762,0.9762,ACH-000102,Drug_558
0.7472,0.7472,ACH-000102,Drug_895
0.7737,0.7737,ACH-000102,Drug_195
0.9094,0.9094,ACH-000102,Drug_1279
0.8598,0.8598,ACH-000102,Drug_1087
0.9291,0.9291,ACH-000102,Drug_768
0.4365,0.4365,ACH-000102,Drug_1127
0.9536,0.9536,ACH-000102,Drug_685
0.9765,0.9765,ACH-000102,Drug_413
0.9746,0.9746,ACH-000102,Drug_564
0.7678,0.7678,ACH-000102,Drug_870
0.8386,0.8386,ACH-000102,Drug_1520
0.858,0.858,ACH-000102,Drug_643
0.9021,0.9021,ACH-000102,Drug_883
0.9803,0.9803,ACH-000102,Drug_435
0.888,0.888,ACH-000102,Drug_665
0.9274,0.9274,ACH-000102,Drug_1005
0.995,0.995,ACH-000102,Drug_1040
0.7398,0.7398,ACH-000105,Drug_749
0.6502,0.6502,ACH-000105,Drug_1326
0.3451,0.3451,ACH-000105,Drug_490
0.7471,0.7471,ACH-000105,Drug_558
0.3955,0.3955,ACH-000105,Drug_895
0.879,0.879,ACH-000105,Drug_1279
0.8408,0.8408,ACH-000105,Drug_1087
0.874,0.874,ACH-000105,Drug_768
0.2643,0.2643,ACH-000105,Drug_1127
0.858,0.858,ACH-000105,Drug_685
0.2764,0.2764,ACH-000105,Drug_413
0.8071,0.8071,ACH-000105,Drug_564
0.6821,0.6821,ACH-000105,Drug_870
0.7321,0.7321,ACH-000105,Drug_643
0.6351,0.6351,ACH-000105,Drug_614
0.7292,0.7292,ACH-000105,Drug_802
0.9001,0.9001,ACH-000105,Drug_1507
0.5738,0.5738,ACH-000105,Drug_665
0.6661,0.6661,ACH-000105,Drug_1005
0.6773,0.6773,ACH-000105,Drug_1040
0.7187,0.7187,ACH-000107,Drug_1326
0.9389,0.9389,ACH-000107,Drug_558
0.6991,0.6991,ACH-000107,Drug_895
0.7214,0.7214,ACH-000107,Drug_195
0.9445,0.9445,ACH-000107,Drug_1279
0.9473,0.9473,ACH-000107,Drug_768
0.4618,0.4618,ACH-000107,Drug_1127
0.7605,0.7605,ACH-000107,Drug_685
0.7933,0.7933,ACH-000107,Drug_413
0.6367,0.6367,ACH-000107,Drug_1520
0.8836,0.8836,ACH-000107,Drug_883
0.4988,0.4988,ACH-000107,Drug_614
0.8361,0.8361,ACH-000107,Drug_802
0.8223,0.8223,ACH-000107,Drug_435
0.8965,0.8965,ACH-000107,Drug_1507
0.6998,0.6998,ACH-000107,Drug_665
1.0,1.0,ACH-000107,Drug_1040
0.7404,0.7404,ACH-000109,Drug_749
0.518,0.518,ACH-000109,Drug_1326
0.961,0.961,ACH-000109,Drug_558
0.6089,0.6089,ACH-000109,Drug_895
0.7525,0.7525,ACH-000109,Drug_195
0.9276,0.9276,ACH-000109,Drug_1279
0.7651,0.7651,ACH-000109,Drug_1087
0.6166,0.6166,ACH-000109,Drug_1127
0.8527,0.8527,ACH-000109,Drug_685
0.7986,0.7986,ACH-000109,Drug_413
0.8532,0.8532,ACH-000109,Drug_564
0.6205,0.6205,ACH-000109,Drug_1520
0.4978,0.4978,ACH-000109,Drug_883
0.5798,0.5798,ACH-000109,Drug_435
0.9728,0.9728,ACH-000109,Drug_1507
0.5321,0.5321,ACH-000109,Drug_665
0.9766,0.9766,ACH-000109,Drug_1040
0.9341,0.9341,ACH-000111,Drug_749
0.8523,0.8523,ACH-000111,Drug_1326
0.5397,0.5397,ACH-000111,Drug_490
0.9838,0.9838,ACH-000111,Drug_558
0.7179,0.7179,ACH-000111,Drug_195
0.8961,0.8961,ACH-000111,Drug_768
0.3666,0.3666,ACH-000111,Drug_1127
0.8908,0.8908,ACH-000111,Drug_685
0.9642,0.9642,ACH-000111,Drug_413
0.9745,0.9745,ACH-000111,Drug_564
0.8494,0.8494,ACH-000111,Drug_870
0.8488,0.8488,ACH-000111,Drug_1520
0.9395,0.9395,ACH-000111,Drug_883
0.8139,0.8139,ACH-000111,Drug_614
0.9152,0.9152,ACH-000111,Drug_802
0.9453,0.9453,ACH-000111,Drug_435
0.8818,0.8818,ACH-000111,Drug_665
0.6824,0.6824,ACH-000111,Drug_1040
0.9165,0.9165,ACH-000112,Drug_1326
0.3571,0.3571,ACH-000112,Drug_490
0.768,0.768,ACH-000112,Drug_558
0.4547,0.4547,ACH-000112,Drug_195
0.8544,0.8544,ACH-000112,Drug_1279
0.1654,0.1654,ACH-000112,Drug_1087
0.242,0.242,ACH-000112,Drug_1127
0.33,0.33,ACH-000112,Drug_685
0.7054,0.7054,ACH-000112,Drug_413
0.4381,0.4381,ACH-000112,Drug_564
0.5539,0.5539,ACH-000112,Drug_870
0.6196,0.6196,ACH-000112,Drug_1520
0.683,0.683,ACH-000112,Drug_643
0.7959,0.7959,ACH-000112,Drug_883
0.5679,0.5679,ACH-000112,Drug_614
0.7846,0.7846,ACH-000112,Drug_802
0.8136,0.8136,ACH-000112,Drug_435
0.697,0.697,ACH-000112,Drug_1507
0.7308,0.7308,ACH-000112,Drug_1005
0.6863,0.6863,ACH-000112,Drug_1040
0.7928,0.7928,ACH-000113,Drug_749
0.9256,0.9256,ACH-000113,Drug_1326
0.4071,0.4071,ACH-000113,Drug_490
0.7264,0.7264,ACH-000113,Drug_558
0.4489,0.4489,ACH-000113,Drug_195
0.9812,0.9812,ACH-000113,Drug_1279
0.2447,0.2447,ACH-000113,Drug_1087
0.7452,0.7452,ACH-000113,Drug_768
0.3323,0.3323,ACH-000113,Drug_1127
0.3648,0.3648,ACH-000113,Drug_685
0.7948,0.7948,ACH-000113,Drug_413
0.838,0.838,ACH-000113,Drug_564
0.671,0.671,ACH-000113,Drug_1520
0.7455,0.7455,ACH-000113,Drug_643
0.9657,0.9657,ACH-000113,Drug_883
0.5114,0.5114,ACH-000113,Drug_614
0.9109,0.9109,ACH-000113,Drug_802
0.9538,0.9538,ACH-000113,Drug_435
0.8674,0.8674,ACH-000113,Drug_1507
0.8712,0.8712,ACH-000113,Drug_665
0.7754,0.7754,ACH-000113,Drug_1005
0.82,0.82,ACH-000114,Drug_749
0.9278,0.9278,ACH-000114,Drug_1326
0.9625,0.9625,ACH-000114,Drug_558
0.6166,0.6166,ACH-000114,Drug_195
0.9212,0.9212,ACH-000114,Drug_1279
0.9881,0.9881,ACH-000114,Drug_768
0.5388,0.5388,ACH-000114,Drug_1127
0.9133,0.9133,ACH-000114,Drug_685
0.8019,0.8019,ACH-000114,Drug_870
0.9637,0.9637,ACH-000114,Drug_1520
0.954,0.954,ACH-000114,Drug_643
0.8999,0.8999,ACH-000114,Drug_883
0.708,0.708,ACH-000114,Drug_614
0.9491,0.9491,ACH-000114,Drug_435
0.9763,0.9763,ACH-000114,Drug_1507
0.9555,0.9555,ACH-000114,Drug_665
0.951,0.951,ACH-000114,Drug_1005
0.9482,0.9482,ACH-000114,Drug_1040
0.8186,0.8186,ACH-000118,Drug_749
0.5257,0.5257,ACH-000118,Drug_490
0.9712,0.9712,ACH-000118,Drug_558
0.6731,0.6731,ACH-000118,Drug_895
0.6844,0.6844,ACH-000118,Drug_195
0.87,0.87,ACH-000118,Drug_768
0.7648,0.7648,ACH-000118,Drug_685
0.8412,0.8412,ACH-000118,Drug_413
0.9466,0.9466,ACH-000118,Drug_564
0.8577,0.8577,ACH-000118,Drug_870
0.879,0.879,ACH-000118,Drug_1520
0.8121,0.8121,ACH-000118,Drug_643
0.8847,0.8847,ACH-000118,Drug_883
0.6767,0.6767,ACH-000118,Drug_614
0.8784,0.8784,ACH-000118,Drug_802
0.8036,0.8036,ACH-000118,Drug_665
0.6875,0.6875,ACH-000120,Drug_749
0.3469,0.3469,ACH-000120,Drug_490
0.6269,0.6269,ACH-000120,Drug_195
0.8264,0.8264,ACH-000120,Drug_1279
0.2997,0.2997,ACH-000120,Drug_1127
0.4075,0.4075,ACH-000120,Drug_685
0.9602,0.9602,ACH-000120,Drug_564
0.84,0.84,ACH-000120,Drug_870
0.7172,0.7172,ACH-000120,Drug_1520
0.8583,0.8583,ACH-000120,Drug_643
0.839,0.839,ACH-000120,Drug_883
0.425,0.425,ACH-000120,Drug_614
0.9043,0.9043,ACH-000120,Drug_802
0.9248,0.9248,ACH-000120,Drug_435
0.8725,0.8725,ACH-000120,Drug_1507
0.7566,0.7566,ACH-000120,Drug_665
0.8752,0.8752,ACH-000120,Drug_1040
0.7532,0.7532,ACH-000129,Drug_749
0.8154,0.8154,ACH-000129,Drug_1326
0.4766,0.4766,ACH-000129,Drug_490
0.9295,0.9295,ACH-000129,Drug_558
0.5719,0.5719,ACH-000129,Drug_895
0.6333,0.6333,ACH-000129,Drug_195
0.8944,0.8944,ACH-000129,Drug_1279
0.9628,0.9628,ACH-000129,Drug_1087
0.9219,0.9219,ACH-000129,Drug_768
0.3587,0.3587,ACH-000129,Drug_1127
0.957,0.957,ACH-000129,Drug_685
0.6779,0.6779,ACH-000129,Drug_1520
0.7648,0.7648,ACH-000129,Drug_643
0.8668,0.8668,ACH-000129,Drug_883
0.4411,0.4411,ACH-000129,Drug_614
0.8383,0.8383,ACH-000129,Drug_802
0.8902,0.8902,ACH-000129,Drug_435
0.9254,0.9254,ACH-000129,Drug_1507
0.7885,0.7885,ACH-000129,Drug_665
0.7691,0.7691,ACH-000129,Drug_1005
0.9781,0.9781,ACH-000129,Drug_1040
0.8335,0.8335,ACH-000131,Drug_1326
0.4552,0.4552,ACH-000131,Drug_490
0.9784,0.9784,ACH-000131,Drug_558
0.824,0.824,ACH-000131,Drug_195
0.9529,0.9529,ACH-000131,Drug_1279
0.8516,0.8516,ACH-000131,Drug_1087
0.827,0.827,ACH-000131,Drug_768
0.8635,0.8635,ACH-000131,Drug_685
0.9641,0.9641,ACH-000131,Drug_413
0.9528,0.9528,ACH-000131,Drug_564
0.9859,0.9859,ACH-000131,Drug_883
0.55,0.55,ACH-000131,Drug_614
0.9775,0.9775,ACH-000131,Drug_665
0.9624,0.9624,ACH-000131,Drug_1005
1.0,1.0,ACH-000131,Drug_1040
0.8352,0.8352,ACH-000132,Drug_1326
0.5388,0.5388,ACH-000132,Drug_490
1.0,1.0,ACH-000132,Drug_558
0.6648,0.6648,ACH-000132,Drug_195
0.8246,0.8246,ACH-000132,Drug_1279
0.9914,0.9914,ACH-000132,Drug_768
0.4988,0.4988,ACH-000132,Drug_1127
0.8213,0.8213,ACH-000132,Drug_685
0.8216,0.8216,ACH-000132,Drug_413
0.8352,0.8352,ACH-000132,Drug_564
0.7901,0.7901,ACH-000132,Drug_1520
0.8352,0.8352,ACH-000132,Drug_883
0.7244,0.7244,ACH-000132,Drug_614
0.9387,0.9387,ACH-000132,Drug_802
0.9113,0.9113,ACH-000132,Drug_435
0.9475,0.9475,ACH-000132,Drug_1507
0.9378,0.9378,ACH-000132,Drug_1005
0.5451,0.5451,ACH-000133,Drug_490
0.991,0.991,ACH-000133,Drug_558
0.62,0.62,ACH-000133,Drug_195
0.8119,0.8119,ACH-000133,Drug_1279
0.8847,0.8847,ACH-000133,Drug_1087
0.4599,0.4599,ACH-000133,Drug_1127
0.9518,0.9518,ACH-000133,Drug_685
0.8352,0.8352,ACH-000133,Drug_564
0.8642,0.8642,ACH-000133,Drug_1520
0.8705,0.8705,ACH-000133,Drug_643
0.6556,0.6556,ACH-000133,Drug_614
0.8304,0.8304,ACH-000133,Drug_802
0.9372,0.9372,ACH-000133,Drug_435
0.9527,0.9527,ACH-000133,Drug_1507
0.8412,0.8412,ACH-000133,Drug_665
0.9119,0.9119,ACH-000133,Drug_1005
0.7478,0.7478,ACH-000137,Drug_749
0.6963,0.6963,ACH-000137,Drug_1326
0.5337,0.5337,ACH-000137,Drug_490
0.9775,0.9775,ACH-000137,Drug_558
0.6,0.6,ACH-000137,Drug_195
0.4206,0.4206,ACH-000137,Drug_1279
0.8625,0.8625,ACH-000137,Drug_1087
0.2077,0.2077,ACH-000137,Drug_1127
0.9862,0.9862,ACH-000137,Drug_685
0.7619,0.7619,ACH-000137,Drug_1520
0.7431,0.7431,ACH-000137,Drug_643
0.8086,0.8086,ACH-000137,Drug_883
0.6369,0.6369,ACH-000137,Drug_614
0.6446,0.6446,ACH-000137,Drug_802
0.8425,0.8425,ACH-000137,Drug_435
0.7613,0.7613,ACH-000137,Drug_665
0.8194,0.8194,ACH-000137,Drug_1005
0.9404,0.9404,ACH-000137,Drug_1040
0.8336,0.8336,ACH-000139,Drug_749
0.551,0.551,ACH-000139,Drug_490
0.9419,0.9419,ACH-000139,Drug_558
0.5899,0.5899,ACH-000139,Drug_895
0.6886,0.6886,ACH-000139,Drug_1279
0.7031,0.7031,ACH-000139,Drug_1087
0.8851,0.8851,ACH-000139,Drug_768
0.4029,0.4029,ACH-000139,Drug_1127
0.7955,0.7955,ACH-000139,Drug_685
0.6869,0.6869,ACH-000139,Drug_870
0.8027,0.8027,ACH-000139,Drug_1520
0.8507,0.8507,ACH-000139,Drug_643
0.8608,0.8608,ACH-000139,Drug_883
0.5491,0.5491,ACH-000139,Drug_614
0.9387,0.9387,ACH-000139,Drug_802
0.8076,0.8076,ACH-000139,Drug_435
0.9632,0.9632,ACH-000139,Drug_1507
0.8147,0.8147,ACH-000139,Drug_665
0.8713,0.8713,ACH-000139,Drug_1040
0.7273,0.7273,ACH-000144,Drug_749
0.7327,0.7327,ACH-000144,Drug_1326
0.9755,0.9755,ACH-000144,Drug_558
0.5857,0.5857,ACH-000144,Drug_195
0.9803,0.9803,ACH-000144,Drug_1279
0.4825,0.4825,ACH-000144,Drug_1127
0.7864,0.7864,ACH-000144,Drug_685
0.9796,0.9796,ACH-000144,Drug_413
0.9466,0.9466,ACH-000144,Drug_564
0.9083,0.9083,ACH-000144,Drug_870
0.7863,0.7863,ACH-000144,Drug_1520
0.8604,0.8604,ACH-000144,Drug_643
0.8611,0.8611,ACH-000144,Drug_883
0.8848,0.8848,ACH-000144,Drug_435
0.9581,0.9581,ACH-000144,Drug_1507
0.7328,0.7328,ACH-000144,Drug_665
0.8434,0.8434,ACH-000144,Drug_1005
0.9778,0.9778,ACH-000144,Drug_1040
0.843,0.843,ACH-000147,Drug_749
0.9248,0.9248,ACH-000147,Drug_1326
0.494,0.494,ACH-000147,Drug_490
0.9505,0.9505,ACH-000147,Drug_558
0.7294,0.7294,ACH-000147,Drug_195
0.9169,0.9169,ACH-000147,Drug_1279
0.8971,0.8971,ACH-000147,Drug_768
0.6377,0.6377,ACH-000147,Drug_1127
0.9367,0.9367,ACH-000147,Drug_685
0.8172,0.8172,ACH-000147,Drug_413
0.7774,0.7774,ACH-000147,Drug_870
0.8317,0.8317,ACH-000147,Drug_643
0.9281,0.9281,ACH-000147,Drug_883
0.7808,0.7808,ACH-000147,Drug_614
0.9099,0.9099,ACH-000147,Drug_435
0.9137,0.9137,ACH-000147,Drug_1507
0.8239,0.8239,ACH-000147,Drug_665
0.9004,0.9004,ACH-000148,Drug_749
0.9332,0.9332,ACH-000148,Drug_1326
0.9776,0.9776,ACH-000148,Drug_558
0.944,0.944,ACH-000148,Drug_1279
0.8881,0.8881,ACH-000148,Drug_768
0.2583,0.2583,ACH-000148,Drug_1127
0.9395,0.9395,ACH-000148,Drug_413
0.9116,0.9116,ACH-000148,Drug_564
0.8052,0.8052,ACH-000148,Drug_870
0.8739,0.8739,ACH-000148,Drug_1520
0.792,0.792,ACH-000148,Drug_643
0.9675,0.9675,ACH-000148,Drug_883
0.5675,0.5675,ACH-000148,Drug_614
0.9855,0.9855,ACH-000148,Drug_802
0.9514,0.9514,ACH-000148,Drug_435
0.8172,0.8172,ACH-000148,Drug_665
0.978,0.978,ACH-000148,Drug_1040
0.6348,0.6348,ACH-000149,Drug_749
0.8443,0.8443,ACH-000149,Drug_1326
0.8427,0.8427,ACH-000149,Drug_558
0.5919,0.5919,ACH-000149,Drug_195
0.9199,0.9199,ACH-000149,Drug_1279
0.4313,0.4313,ACH-000149,Drug_1127
0.9213,0.9213,ACH-000149,Drug_685
0.773,0.773,ACH-000149,Drug_413
0.793,0.793,ACH-000149,Drug_564
0.6926,0.6926,ACH-000149,Drug_870
0.5849,0.5849,ACH-000149,Drug_1520
0.8001,0.8001,ACH-000149,Drug_643
0.9283,0.9283,ACH-000149,Drug_883
0.5631,0.5631,ACH-000149,Drug_614
0.8408,0.8408,ACH-000149,Drug_802
0.8245,0.8245,ACH-000149,Drug_435
0.7967,0.7967,ACH-000149,Drug_1507
0.8159,0.8159,ACH-000149,Drug_665
0.7109,0.7109,ACH-000149,Drug_1005
0.832,0.832,ACH-000149,Drug_1040
0.9146,0.9146,ACH-000150,Drug_749
0.6254,0.6254,ACH-000150,Drug_1326
0.5242,0.5242,ACH-000150,Drug_490
0.8616,0.8616,ACH-000150,Drug_558
0.7221,0.7221,ACH-000150,Drug_895
0.6971,0.6971,ACH-000150,Drug_195
0.992,0.992,ACH-000150,Drug_1279
0.8474,0.8474,ACH-000150,Drug_1087
0.9134,0.9134,ACH-000150,Drug_768
0.7491,0.7491,ACH-000150,Drug_1127
0.8324,0.8324,ACH-000150,Drug_685
0.8253,0.8253,ACH-000150,Drug_413
0.8913,0.8913,ACH-000150,Drug_564
0.7576,0.7576,ACH-000150,Drug_1520
0.954,0.954,ACH-000150,Drug_643
0.6373,0.6373,ACH-000150,Drug_883
0.4607,0.4607,ACH-000150,Drug_614
0.8651,0.8651,ACH-000150,Drug_802
0.6655,0.6655,ACH-000150,Drug_435
0.9743,0.9743,ACH-000150,Drug_1507
0.7009,0.7009,ACH-000150,Drug_665
0.9331,0.9331,ACH-000150,Drug_1005
0.9786,0.9786,ACH-000150,Drug_1040
0.8851,0.8851,ACH-000151,Drug_1326
0.9267,0.9267,ACH-000151,Drug_558
0.9333,0.9333,ACH-000151,Drug_1279
0.9364,0.9364,ACH-000151,Drug_1087
0.8655,0.8655,ACH-000151,Drug_768
0.3037,0.3037,ACH-000151,Drug_1127
0.9033,0.9033,ACH-000151,Drug_685
0.9932,0.9932,ACH-000151,Drug_564
0.9192,0.9192,ACH-000151,Drug_870
0.9862,0.9862,ACH-000151,Drug_1520
0.9713,0.9713,ACH-000151,Drug_643
0.6931,0.6931,ACH-000151,Drug_614
0.9745,0.9745,ACH-000151,Drug_802
0.9641,0.9641,ACH-000151,Drug_435
0.8883,0.8883,ACH-000151,Drug_1507
0.9642,0.9642,ACH-000151,Drug_665
0.9826,0.9826,ACH-000151,Drug_1005
0.8172,0.8172,ACH-000153,Drug_749
0.9135,0.9135,ACH-000153,Drug_1326
0.5361,0.5361,ACH-000153,Drug_490
0.8443,0.8443,ACH-000153,Drug_558
0.5969,0.5969,ACH-000153,Drug_195
0.9806,0.9806,ACH-000153,Drug_1279
0.8537,0.8537,ACH-000153,Drug_1087
0.5073,0.5073,ACH-000153,Drug_1127
0.8921,0.8921,ACH-000153,Drug_685
0.9245,0.9245,ACH-000153,Drug_413
0.8334,0.8334,ACH-000153,Drug_564
0.6976,0.6976,ACH-000153,Drug_870
0.7565,0.7565,ACH-000153,Drug_1520
0.8391,0.8391,ACH-000153,Drug_643
0.8515,0.8515,ACH-000153,Drug_883
0.9663,0.9663,ACH-000153,Drug_802
0.9471,0.9471,ACH-000153,Drug_435
0.8992,0.8992,ACH-000153,Drug_1507
0.7765,0.7765,ACH-000153,Drug_665
0.8109,0.8109,ACH-000153,Drug_1005
0.9734,0.9734,ACH-000153,Drug_1040
0.8628,0.8628,ACH-000155,Drug_749
0.5578,0.5578,ACH-000155,Drug_490
0.8516,0.8516,ACH-000155,Drug_558
0.532,0.532,ACH-000155,Drug_195
0.8602,0.8602,ACH-000155,Drug_1279
0.6486,0.6486,ACH-000155,Drug_1087
0.8873,0.8873,ACH-000155,Drug_768
0.4699,0.4699,ACH-000155,Drug_1127
0.7508,0.7508,ACH-000155,Drug_685
0.8143,0.8143,ACH-000155,Drug_413
0.8861,0.8861,ACH-000155,Drug_564
0.7353,0.7353,ACH-000155,Drug_870
0.7475,0.7475,ACH-000155,Drug_1520
0.8545,0.8545,ACH-000155,Drug_643
0.8503,0.8503,ACH-000155,Drug_883
0.552,0.552,ACH-000155,Drug_614
0.9794,0.9794,ACH-000155,Drug_802
0.8498,0.8498,ACH-000155,Drug_435
0.8063,0.8063,ACH-000155,Drug_1507
0.7967,0.7967,ACH-000155,Drug_665
0.8432,0.8432,ACH-000155,Drug_1005
0.8716,0.8716,ACH-000155,Drug_1040
0.7883,0.7883,ACH-000161,Drug_1326
0.5776,0.5776,ACH-000161,Drug_490
1.0,1.0,ACH-000161,Drug_558
0.7479,0.7479,ACH-000161,Drug_195
0.9522,0.9522,ACH-000161,Drug_1279
0.8002,0.8002,ACH-000161,Drug_685
0.9009,0.9009,ACH-000161,Drug_564
0.9698,0.9698,ACH-000161,Drug_1520
0.8317,0.8317,ACH-000161,Drug_643
0.7632,0.7632,ACH-000161,Drug_883
0.68,0.68,ACH-000161,Drug_614
0.9202,0.9202,ACH-000161,Drug_802
0.9086,0.9086,ACH-000161,Drug_435
0.9471,0.9471,ACH-000161,Drug_1507
0.8273,0.8273,ACH-000161,Drug_665
0.9675,0.9675,ACH-000161,Drug_1040
0.8841,0.8841,ACH-000163,Drug_749
0.7616,0.7616,ACH-000163,Drug_1326
0.7488,0.7488,ACH-000163,Drug_558
0.5741,0.5741,ACH-000163,Drug_895
0.8731,0.8731,ACH-000163,Drug_1279
0.767,0.767,ACH-000163,Drug_1087
0.9098,0.9098,ACH-000163,Drug_768
0.399,0.399,ACH-000163,Drug_1127
0.8516,0.8516,ACH-000163,Drug_685
0.9077,0.9077,ACH-000163,Drug_564
0.7114,0.7114,ACH-000163,Drug_870
0.6756,0.6756,ACH-000163,Drug_643
0.823,0.823,ACH-000163,Drug_883
0.4676,0.4676,ACH-000163,Drug_614
0.8532,0.8532,ACH-000163,Drug_802
0.8713,0.8713,ACH-000163,Drug_1507
0.7583,0.7583,ACH-000163,Drug_665
0.8245,0.8245,ACH-000163,Drug_1005
0.9966,0.9966,ACH-000163,Drug_1040
0.7336,0.7336,ACH-000169,Drug_749
0.8337,0.8337,ACH-000169,Drug_1326
0.417,0.417,ACH-000169,Drug_490
0.8412,0.8412,ACH-000169,Drug_558
0.639,0.639,ACH-000169,Drug_195
0.9183,0.9183,ACH-000169,Drug_1279
0.6718,0.6718,ACH-000169,Drug_1087
0.9815,0.9815,ACH-000169,Drug_768
0.3577,0.3577,ACH-000169,Drug_1127
0.6946,0.6946,ACH-000169,Drug_685
0.8517,0.8517,ACH-000169,Drug_564
0.7676,0.7676,ACH-000169,Drug_870
0.769,0.769,ACH-000169,Drug_1520
0.8458,0.8458,ACH-000169,Drug_643
0.9484,0.9484,ACH-000169,Drug_883
0.528,0.528,ACH-000169,Drug_614
0.8511,0.8511,ACH-000169,Drug_802
0.9533,0.9533,ACH-000169,Drug_435
0.9341,0.9341,ACH-000169,Drug_1507
0.8472,0.8472,ACH-000169,Drug_665
0.8244,0.8244,ACH-000169,Drug_1005
0.9139,0.9139,ACH-000169,Drug_1040
0.8739,0.8739,ACH-000171,Drug_749
0.8464,0.8464,ACH-000171,Drug_1326
0.4744,0.4744,ACH-000171,Drug_490
0.9131,0.9131,ACH-000171,Drug_558
0.7336,0.7336,ACH-000171,Drug_195
0.9186,0.9186,ACH-000171,Drug_1279
0.8653,0.8653,ACH-000171,Drug_1087
0.4942,0.4942,ACH-000171,Drug_1127
0.9341,0.9341,ACH-000171,Drug_685
0.8574,0.8574,ACH-000171,Drug_413
0.8622,0.8622,ACH-000171,Drug_564
0.7584,0.7584,ACH-000171,Drug_870
0.8618,0.8618,ACH-000171,Drug_643
0.9336,0.9336,ACH-000171,Drug_883
0.8533,0.8533,ACH-000171,Drug_802
0.9564,0.9564,ACH-000171,Drug_1507
0.779,0.779,ACH-000171,Drug_665
0.9858,0.9858,ACH-000171,Drug_1040
0.9499,0.9499,ACH-000176,Drug_749
0.8317,0.8317,ACH-000176,Drug_1326
0.5764,0.5764,ACH-000176,Drug_490
0.5535,0.5535,ACH-000176,Drug_895
0.6338,0.6338,ACH-000176,Drug_195
0.92,0.92,ACH-000176,Drug_1279
0.9894,0.9894,ACH-000176,Drug_1087
1.0,1.0,ACH-000176,Drug_768
0.3609,0.3609,ACH-000176,Drug_1127
0.9393,0.9393,ACH-000176,Drug_685
0.9446,0.9446,ACH-000176,Drug_413
0.8658,0.8658,ACH-000176,Drug_564
0.8472,0.8472,ACH-000176,Drug_870
0.7262,0.7262,ACH-000176,Drug_1520
0.9837,0.9837,ACH-000176,Drug_802
0.8856,0.8856,ACH-000176,Drug_1040
0.8149,0.8149,ACH-000178,Drug_1326
0.8371,0.8371,ACH-000178,Drug_558
0.8195,0.8195,ACH-000178,Drug_895
0.8703,0.8703,ACH-000178,Drug_195
0.9834,0.9834,ACH-000178,Drug_1279
0.5852,0.5852,ACH-000178,Drug_1087
0.9376,0.9376,ACH-000178,Drug_768
0.658,0.658,ACH-000178,Drug_1127
0.6398,0.6398,ACH-000178,Drug_685
0.8423,0.8423,ACH-000178,Drug_413
0.9825,0.9825,ACH-000178,Drug_564
0.7434,0.7434,ACH-000178,Drug_870
0.7647,0.7647,ACH-000178,Drug_1520
0.8846,0.8846,ACH-000178,Drug_643
0.8574,0.8574,ACH-000178,Drug_883
0.6307,0.6307,ACH-000178,Drug_614
1.0,1.0,ACH-000178,Drug_802
0.9514,0.9514,ACH-000178,Drug_435
0.9314,0.9314,ACH-000178,Drug_1507
0.822,0.822,ACH-000178,Drug_665
0.8186,0.8186,ACH-000178,Drug_1005
0.9687,0.9687,ACH-000178,Drug_1040
0.8154,0.8154,ACH-000181,Drug_749
0.6256,0.6256,ACH-000181,Drug_1326
0.975,0.975,ACH-000181,Drug_558
0.7846,0.7846,ACH-000181,Drug_1279
0.6554,0.6554,ACH-000181,Drug_1087
0.4315,0.4315,ACH-000181,Drug_1127
0.7492,0.7492,ACH-000181,Drug_685
0.8594,0.8594,ACH-000181,Drug_1520
0.8222,0.8222,ACH-000181,Drug_802
0.7703,0.7703,ACH-000181,Drug_435
0.8459,0.8459,ACH-000181,Drug_1507
0.7738,0.7738,ACH-000181,Drug_665
0.9513,0.9513,ACH-000181,Drug_1040
0.6499,0.6499,ACH-000183,Drug_749
0.8832,0.8832,ACH-000183,Drug_1326
0.353,0.353,ACH-000183,Drug_490
0.7706,0.7706,ACH-000183,Drug_558
0.4561,0.4561,ACH-000183,Drug_195
0.6216,0.6216,ACH-000183,Drug_1279
0.96,0.96,ACH-000183,Drug_1087
0.7135,0.7135,ACH-000183,Drug_768
0.8897,0.8897,ACH-000183,Drug_413
0.8284,0.8284,ACH-000183,Drug_564
0.6781,0.6781,ACH-000183,Drug_870
0.5625,0.5625,ACH-000183,Drug_1520
0.7741,0.7741,ACH-000183,Drug_643
0.9314,0.9314,ACH-000183,Drug_883
0.4472,0.4472,ACH-000183,Drug_614
0.7043,0.7043,ACH-000183,Drug_802
0.8253,0.8253,ACH-000183,Drug_435
0.6906,0.6906,ACH-000183,Drug_1005
0.7959,0.7959,ACH-000183,Drug_1040
0.8948,0.8948,ACH-000186,Drug_749
0.8803,0.8803,ACH-000186,Drug_1326
0.5082,0.5082,ACH-000186,Drug_490
0.9786,0.9786,ACH-000186,Drug_558
0.6122,0.6122,ACH-000186,Drug_895
0.7483,0.7483,ACH-000186,Drug_195
0.8478,0.8478,ACH-000186,Drug_1279
0.6538,0.6538,ACH-000186,Drug_1087
0.5185,0.5185,ACH-000186,Drug_1127
0.9624,0.9624,ACH-000186,Drug_564
0.7869,0.7869,ACH-000186,Drug_870
0.9429,0.9429,ACH-000186,Drug_1520
0.9011,0.9011,ACH-000186,Drug_883
0.7262,0.7262,ACH-000186,Drug_614
0.9196,0.9196,ACH-000186,Drug_802
0.8024,0.8024,ACH-000186,Drug_435
0.9666,0.9666,ACH-000186,Drug_1507
0.8294,0.8294,ACH-000186,Drug_665
0.8522,0.8522,ACH-000186,Drug_1005
0.9567,0.9567,ACH-000186,Drug_1040
0.6792,0.6792,ACH-000188,Drug_1326
0.949,0.949,ACH-000188,Drug_558
0.5901,0.5901,ACH-000188,Drug_195
0.7305,0.7305,ACH-000188,Drug_1279
0.7366,0.7366,ACH-000188,Drug_1087
0.8827,0.8827,ACH-000188,Drug_768
0.2797,0.2797,ACH-000188,Drug_1127
0.8853,0.8853,ACH-000188,Drug_685
0.83,0.83,ACH-000188,Drug_564
0.7544,0.7544,ACH-000188,Drug_870
0.8118,0.8118,ACH-000188,Drug_643
0.4644,0.4644,ACH-000188,Drug_614
0.8971,0.8971,ACH-000188,Drug_1507
0.8336,0.8336,ACH-000188,Drug_665
0.8238,0.8238,ACH-000188,Drug_1005
0.9006,0.9006,ACH-000188,Drug_1040
0.7517,0.7517,ACH-000190,Drug_749
0.9216,0.9216,ACH-000190,Drug_1326
0.4858,0.4858,ACH-000190,Drug_490
0.3614,0.3614,ACH-000190,Drug_195
0.8815,0.8815,ACH-000190,Drug_1279
0.4509,0.4509,ACH-000190,Drug_1087
0.5902,0.5902,ACH-000190,Drug_685
0.7614,0.7614,ACH-000190,Drug_643
0.8102,0.8102,ACH-000190,Drug_883
0.5879,0.5879,ACH-000190,Drug_614
0.8029,0.8029,ACH-000190,Drug_435
0.9243,0.9243,ACH-000190,Drug_1507
0.8352,0.8352,ACH-000190,Drug_665
0.7967,0.7967,ACH-000201,Drug_749
0.685,0.685,ACH-000201,Drug_1326
0.4432,0.4432,ACH-000201,Drug_490
0.7242,0.7242,ACH-000201,Drug_558
0.5761,0.5761,ACH-000201,Drug_895
0.6322,0.6322,ACH-000201,Drug_195
0.8102,0.8102,ACH-000201,Drug_1087
0.8642,0.8642,ACH-000201,Drug_768
0.4481,0.4481,ACH-000201,Drug_1127
0.9275,0.9275,ACH-000201,Drug_685
0.7365,0.7365,ACH-000201,Drug_413
0.8568,0.8568,ACH-000201,Drug_564
0.6359,0.6359,ACH-000201,Drug_870
0.7325,0.7325,ACH-000201,Drug_1520
0.8725,0.8725,ACH-000201,Drug_883
0.4954,0.4954,ACH-000201,Drug_614
0.8292,0.8292,ACH-000201,Drug_802
0.8117,0.8117,ACH-000201,Drug_435
0.8194,0.8194,ACH-000201,Drug_1507
0.794,0.794,ACH-000201,Drug_665
0.8444,0.8444,ACH-000201,Drug_1005
0.8143,0.8143,ACH-000201,Drug_1040
0.6947,0.6947,ACH-000202,Drug_749
0.4935,0.4935,ACH-000202,Drug_490
0.8034,0.8034,ACH-000202,Drug_558
0.6417,0.6417,ACH-000202,Drug_195
0.867,0.867,ACH-000202,Drug_1087
0.7986,0.7986,ACH-000202,Drug_768
0.5488,0.5488,ACH-000202,Drug_1127
0.9527,0.9527,ACH-000202,Drug_685
0.8352,0.8352,ACH-000202,Drug_564
0.6249,0.6249,ACH-000202,Drug_870
0.6184,0.6184,ACH-000202,Drug_1520
0.6624,0.6624,ACH-000202,Drug_614
0.8329,0.8329,ACH-000202,Drug_802
0.8714,0.8714,ACH-000202,Drug_435
0.8688,0.8688,ACH-000202,Drug_665
0.7933,0.7933,ACH-000202,Drug_1005
0.8534,0.8534,ACH-000202,Drug_1040
0.7078,0.7078,ACH-000204,Drug_749
0.8718,0.8718,ACH-000204,Drug_1326
0.47,0.47,ACH-000204,Drug_490
0.8272,0.8272,ACH-000204,Drug_558
0.6775,0.6775,ACH-000204,Drug_895
0.6889,0.6889,ACH-000204,Drug_195
0.838,0.838,ACH-000204,Drug_1087
0.8886,0.8886,ACH-000204,Drug_768
0.7068,0.7068,ACH-000204,Drug_1127
0.9401,0.9401,ACH-000204,Drug_685
0.8164,0.8164,ACH-000204,Drug_413
0.9832,0.9832,ACH-000204,Drug_564
0.7237,0.7237,ACH-000204,Drug_1520
0.985,0.985,ACH-000204,Drug_643
1.0,1.0,ACH-000204,Drug_883
0.7341,0.7341,ACH-000204,Drug_614
0.7977,0.7977,ACH-000204,Drug_435
0.9385,0.9385,ACH-000204,Drug_1507
1.0,1.0,ACH-000204,Drug_665
0.7995,0.7995,ACH-000204,Drug_1040
0.7536,0.7536,ACH-000207,Drug_1326
0.5383,0.5383,ACH-000207,Drug_490
0.9758,0.9758,ACH-000207,Drug_558
0.7449,0.7449,ACH-000207,Drug_195
0.8989,0.8989,ACH-000207,Drug_1279
0.8415,0.8415,ACH-000207,Drug_768
0.3537,0.3537,ACH-000207,Drug_1127
0.871,0.871,ACH-000207,Drug_685
0.8303,0.8303,ACH-000207,Drug_413
0.9551,0.9551,ACH-000207,Drug_564
0.8029,0.8029,ACH-000207,Drug_870
0.8511,0.8511,ACH-000207,Drug_1520
0.8371,0.8371,ACH-000207,Drug_643
0.7068,0.7068,ACH-000207,Drug_614
0.8666,0.8666,ACH-000207,Drug_802
0.8553,0.8553,ACH-000207,Drug_435
0.9255,0.9255,ACH-000207,Drug_1507
0.8209,0.8209,ACH-000207,Drug_665
0.8533,0.8533,ACH-000207,Drug_1005
0.8353,0.8353,ACH-000211,Drug_749
0.8499,0.8499,ACH-000211,Drug_1326
0.4473,0.4473,ACH-000211,Drug_490
0.9147,0.9147,ACH-000211,Drug_558
0.5268,0.5268,ACH-000211,Drug_895
0.5404,0.5404,ACH-000211,Drug_195
0.8691,0.8691,ACH-000211,Drug_1279
0.9707,0.9707,ACH-000211,Drug_1087
0.9604,0.9604,ACH-000211,Drug_768
0.3542,0.3542,ACH-000211,Drug_1127
0.8325,0.8325,ACH-000211,Drug_413
0.8882,0.8882,ACH-000211,Drug_564
0.7998,0.7998,ACH-000211,Drug_870
0.8256,0.8256,ACH-000211,Drug_1520
0.8546,0.8546,ACH-000211,Drug_643
0.8938,0.8938,ACH-000211,Drug_883
0.9395,0.9395,ACH-000211,Drug_435
0.9163,0.9163,ACH-000211,Drug_1507
0.955,0.955,ACH-000211,Drug_665
0.9122,0.9122,ACH-000211,Drug_1005
1.0,1.0,ACH-000211,Drug_1040
0.7294,0.7294,ACH-000219,Drug_749
0.8909,0.8909,ACH-000219,Drug_1326
0.4676,0.4676,ACH-000219,Drug_490
0.8069,0.8069,ACH-000219,Drug_558
0.8799,0.8799,ACH-000219,Drug_768
0.3416,0.3416,ACH-000219,Drug_1127
0.8178,0.8178,ACH-000219,Drug_413
0.6362,0.6362,ACH-000219,Drug_564
0.6822,0.6822,ACH-000219,Drug_870
0.8773,0.8773,ACH-000219,Drug_435
0.826,0.826,ACH-000219,Drug_1507
0.9016,0.9016,ACH-000219,Drug_665
0.7941,0.7941,ACH-000219,Drug_1005
0.9749,0.9749,ACH-000219,Drug_1040
0.9529,0.9529,ACH-000221,Drug_749
0.8824,0.8824,ACH-000221,Drug_1326
0.4915,0.4915,ACH-000221,Drug_490
0.5841,0.5841,ACH-000221,Drug_195
0.8107,0.8107,ACH-000221,Drug_1279
0.2624,0.2624,ACH-000221,Drug_1127
0.7911,0.7911,ACH-000221,Drug_685
0.9153,0.9153,ACH-000221,Drug_564
0.7542,0.7542,ACH-000221,Drug_870
0.721,0.721,ACH-000221,Drug_1520
0.8056,0.8056,ACH-000221,Drug_643
1.0,1.0,ACH-000221,Drug_883
0.6776,0.6776,ACH-000221,Drug_614
0.9048,0.9048,ACH-000221,Drug_802
0.9204,0.9204,ACH-000221,Drug_435
0.865,0.865,ACH-000221,Drug_1507
0.8317,0.8317,ACH-000221,Drug_665
0.7855,0.7855,ACH-000221,Drug_1005
0.7946,0.7946,ACH-000221,Drug_1040
0.7194,0.7194,ACH-000222,Drug_749
0.7905,0.7905,ACH-000222,Drug_1326
0.4439,0.4439,ACH-000222,Drug_490
0.6256,0.6256,ACH-000222,Drug_895
0.7049,0.7049,ACH-000222,Drug_195
0.8741,0.8741,ACH-000222,Drug_1279
0.5638,0.5638,ACH-000222,Drug_1087
0.4742,0.4742,ACH-000222,Drug_1127
0.8602,0.8602,ACH-000222,Drug_413
0.9197,0.9197,ACH-000222,Drug_564
0.6971,0.6971,ACH-000222,Drug_870
0.6738,0.6738,ACH-000222,Drug_1520
0.8067,0.8067,ACH-000222,Drug_643
0.9051,0.9051,ACH-000222,Drug_883
0.5217,0.5217,ACH-000222,Drug_614
0.8238,0.8238,ACH-000222,Drug_802
0.8618,0.8618,ACH-000222,Drug_435
0.9545,0.9545,ACH-000222,Drug_1507
0.8267,0.8267,ACH-000222,Drug_665
0.7807,0.7807,ACH-000222,Drug_1005
0.9473,0.9473,ACH-000222,Drug_1040
0.907,0.907,ACH-000226,Drug_749
0.917,0.917,ACH-000226,Drug_1326
0.3682,0.3682,ACH-000226,Drug_490
0.9786,0.9786,ACH-000226,Drug_558
0.488,0.488,ACH-000226,Drug_195
0.6033,0.6033,ACH-000226,Drug_1279
0.7889,0.7889,ACH-000226,Drug_768
0.1861,0.1861,ACH-000226,Drug_1127
0.8155,0.8155,ACH-000226,Drug_685
0.8343,0.8343,ACH-000226,Drug_413
0.8361,0.8361,ACH-000226,Drug_564
0.8061,0.8061,ACH-000226,Drug_870
0.5124,0.5124,ACH-000226,Drug_1520
0.9253,0.9253,ACH-000226,Drug_643
0.9652,0.9652,ACH-000226,Drug_883
0.5197,0.5197,ACH-000226,Drug_614
0.8819,0.8819,ACH-000226,Drug_802
0.9544,0.9544,ACH-000226,Drug_435
1.0,1.0,ACH-000226,Drug_665
0.7141,0.7141,ACH-000226,Drug_1005
0.8187,0.8187,ACH-000226,Drug_1040
0.9161,0.9161,ACH-000231,Drug_558
0.7033,0.7033,ACH-000231,Drug_895
0.6583,0.6583,ACH-000231,Drug_195
0.7003,0.7003,ACH-000231,Drug_1087
0.8604,0.8604,ACH-000231,Drug_768
0.3671,0.3671,ACH-000231,Drug_1127
0.8256,0.8256,ACH-000231,Drug_685
0.839,0.839,ACH-000231,Drug_413
0.8525,0.8525,ACH-000231,Drug_564
0.7442,0.7442,ACH-000231,Drug_870
0.8155,0.8155,ACH-000231,Drug_1520
0.9479,0.9479,ACH-000231,Drug_883
0.6083,0.6083,ACH-000231,Drug_614
0.9439,0.9439,ACH-000231,Drug_802
0.9581,0.9581,ACH-000231,Drug_1507
0.8245,0.8245,ACH-000231,Drug_1005
0.838,0.838,ACH-000231,Drug_1040
0.7564,0.7564,ACH-000235,Drug_749
0.6267,0.6267,ACH-000235,Drug_895
0.6589,0.6589,ACH-000235,Drug_195
0.8412,0.8412,ACH-000235,Drug_768
0.4156,0.4156,ACH-000235,Drug_1127
0.7716,0.7716,ACH-000235,Drug_685
0.8183,0.8183,ACH-000235,Drug_413
0.8299,0.8299,ACH-000235,Drug_870
0.8459,0.8459,ACH-000235,Drug_643
0.5908,0.5908,ACH-000235,Drug_614
0.9165,0.9165,ACH-000235,Drug_802
0.8149,0.8149,ACH-000235,Drug_435
0.8428,0.8428,ACH-000235,Drug_665
0.7828,0.7828,ACH-000235,Drug_1005
0.9138,0.9138,ACH-000235,Drug_1040
0.7474,0.7474,ACH-000236,Drug_749
0.7904,0.7904,ACH-000236,Drug_1326
0.4627,0.4627,ACH-000236,Drug_490
0.878,0.878,ACH-000236,Drug_558
0.5923,0.5923,ACH-000236,Drug_195
0.5501,0.5501,ACH-000236,Drug_1087
0.8944,0.8944,ACH-000236,Drug_768
0.4428,0.4428,ACH-000236,Drug_1127
0.702,0.702,ACH-000236,Drug_564
0.7226,0.7226,ACH-000236,Drug_870
0.7585,0.7585,ACH-000236,Drug_1520
0.8308,0.8308,ACH-000236,Drug_883
0.8113,0.8113,ACH-000236,Drug_802
0.9604,0.9604,ACH-000236,Drug_1507
0.8248,0.8248,ACH-000236,Drug_1005
0.8999,0.8999,ACH-000236,Drug_1040
0.8603,0.8603,ACH-000242,Drug_749
0.6991,0.6991,ACH-000242,Drug_1326
0.4698,0.4698,ACH-000242,Drug_490
0.6189,0.6189,ACH-000242,Drug_895
0.6804,0.6804,ACH-000242,Drug_195
0.8035,0.8035,ACH-000242,Drug_1279
0.7144,0.7144,ACH-000242,Drug_1087
0.3565,0.3565,ACH-000242,Drug_1127
0.8535,0.8535,ACH-000242,Drug_685
0.9336,0.9336,ACH-000242,Drug_413
0.8472,0.8472,ACH-000242,Drug_564
0.7905,0.7905,ACH-000242,Drug_870
0.5484,0.5484,ACH-000242,Drug_614
0.8859,0.8859,ACH-000242,Drug_802
0.7713,0.7713,ACH-000242,Drug_435
0.8911,0.8911,ACH-000242,Drug_1507
0.5808,0.5808,ACH-000242,Drug_665
0.8552,0.8552,ACH-000242,Drug_1005
0.839,0.839,ACH-000242,Drug_1040
0.9511,0.9511,ACH-000244,Drug_749
0.8114,0.8114,ACH-000244,Drug_1326
0.531,0.531,ACH-000244,Drug_490
0.9815,0.9815,ACH-000244,Drug_558
0.7376,0.7376,ACH-000244,Drug_895
0.7522,0.7522,ACH-000244,Drug_195
0.96,0.96,ACH-000244,Drug_1279
0.7765,0.7765,ACH-000244,Drug_1087
0.8286,0.8286,ACH-000244,Drug_768
0.8297,0.8297,ACH-000244,Drug_685
0.9949,0.9949,ACH-000244,Drug_413
0.9752,0.9752,ACH-000244,Drug_564
0.8291,0.8291,ACH-000244,Drug_870
0.9113,0.9113,ACH-000244,Drug_1520
0.8913,0.8913,ACH-000244,Drug_643
0.6444,0.6444,ACH-000244,Drug_614
0.9023,0.9023,ACH-000244,Drug_802
0.8992,0.8992,ACH-000244,Drug_435
0.9243,0.9243,ACH-000244,Drug_1507
0.8628,0.8628,ACH-000244,Drug_1005
0.9291,0.9291,ACH-000245,Drug_1326
0.4655,0.4655,ACH-000245,Drug_490
1.0,1.0,ACH-000245,Drug_558
0.4633,0.4633,ACH-000245,Drug_895
0.5309,0.5309,ACH-000245,Drug_195
0.9516,0.9516,ACH-000245,Drug_1279
0.9885,0.9885,ACH-000245,Drug_1087
0.8276,0.8276,ACH-000245,Drug_768
0.9822,0.9822,ACH-000245,Drug_685
0.9763,0.9763,ACH-000245,Drug_413
0.8864,0.8864,ACH-000245,Drug_564
0.8907,0.8907,ACH-000245,Drug_1520
0.7695,0.7695,ACH-000245,Drug_643
0.9114,0.9114,ACH-000245,Drug_883
0.6677,0.6677,ACH-000245,Drug_614
1.0,1.0,ACH-000245,Drug_802
0.7969,0.7969,ACH-000245,Drug_435
0.9929,0.9929,ACH-000245,Drug_1507
0.9915,0.9915,ACH-000245,Drug_665
0.79,0.79,ACH-000245,Drug_1005
0.9657,0.9657,ACH-000245,Drug_1040
0.9174,0.9174,ACH-000247,Drug_1326
0.3942,0.3942,ACH-000247,Drug_490
0.8588,0.8588,ACH-000247,Drug_558
0.6053,0.6053,ACH-000247,Drug_195
0.9461,0.9461,ACH-000247,Drug_1279
0.4019,0.4019,ACH-000247,Drug_1087
0.8578,0.8578,ACH-000247,Drug_768
0.4037,0.4037,ACH-000247,Drug_1127
0.8319,0.8319,ACH-000247,Drug_413
0.9719,0.9719,ACH-000247,Drug_564
0.7766,0.7766,ACH-000247,Drug_870
0.8131,0.8131,ACH-000247,Drug_1520
0.9903,0.9903,ACH-000247,Drug_883
0.9258,0.9258,ACH-000247,Drug_802
0.9318,0.9318,ACH-000247,Drug_435
0.8448,0.8448,ACH-000247,Drug_1507
0.99,0.99,ACH-000247,Drug_665
0.8427,0.8427,ACH-000247,Drug_1005
1.0,1.0,ACH-000247,Drug_1040
0.8319,0.8319,ACH-000248,Drug_749
0.9109,0.9109,ACH-000248,Drug_1326
0.4163,0.4163,ACH-000248,Drug_490
0.8179,0.8179,ACH-000248,Drug_558
0.5338,0.5338,ACH-000248,Drug_195
0.8845,0.8845,ACH-000248,Drug_1279
0.9767,0.9767,ACH-000248,Drug_1087
0.8362,0.8362,ACH-000248,Drug_768
0.268,0.268,ACH-000248,Drug_1127
0.8158,0.8158,ACH-000248,Drug_413
0.8334,0.8334,ACH-000248,Drug_564
0.9833,0.9833,ACH-000248,Drug_1520
0.8099,0.8099,ACH-000248,Drug_643
0.8894,0.8894,ACH-000248,Drug_883
0.5371,0.5371,ACH-000248,Drug_614
0.9582,0.9582,ACH-000248,Drug_802
0.5427,0.5427,ACH-000248,Drug_435
0.9682,0.9682,ACH-000248,Drug_1507
0.9617,0.9617,ACH-000248,Drug_665
0.8292,0.8292,ACH-000248,Drug_1005
0.7843,0.7843,ACH-000253,Drug_749
0.9646,0.9646,ACH-000253,Drug_1326
0.4136,0.4136,ACH-000253,Drug_490
0.8253,0.8253,ACH-000253,Drug_558
0.63,0.63,ACH-000253,Drug_195
0.9201,0.9201,ACH-000253,Drug_1279
0.3328,0.3328,ACH-000253,Drug_1087
0.7669,0.7669,ACH-000253,Drug_768
0.4431,0.4431,ACH-000253,Drug_1127
0.5156,0.5156,ACH-000253,Drug_685
0.8199,0.8199,ACH-000253,Drug_413
0.6458,0.6458,ACH-000253,Drug_870
0.6982,0.6982,ACH-000253,Drug_1520
0.9196,0.9196,ACH-000253,Drug_883
0.4853,0.4853,ACH-000253,Drug_614
0.9612,0.9612,ACH-000253,Drug_802
0.9593,0.9593,ACH-000253,Drug_435
0.9431,0.9431,ACH-000253,Drug_1507
0.9528,0.9528,ACH-000253,Drug_665
0.9914,0.9914,ACH-000253,Drug_1040
0.837,0.837,ACH-000256,Drug_749
0.9093,0.9093,ACH-000256,Drug_1326
0.5572,0.5572,ACH-000256,Drug_490
0.8486,0.8486,ACH-000256,Drug_558
0.6786,0.6786,ACH-000256,Drug_895
0.7283,0.7283,ACH-000256,Drug_195
0.9445,0.9445,ACH-000256,Drug_1279
0.9827,0.9827,ACH-000256,Drug_1087
0.9451,0.9451,ACH-000256,Drug_768
0.9895,0.9895,ACH-000256,Drug_685
0.8548,0.8548,ACH-000256,Drug_870
0.7705,0.7705,ACH-000256,Drug_1520
0.8529,0.8529,ACH-000256,Drug_643
0.9544,0.9544,ACH-000256,Drug_883
0.8098,0.8098,ACH-000256,Drug_614
0.9852,0.9852,ACH-000256,Drug_802
0.9431,0.9431,ACH-000256,Drug_435
0.9513,0.9513,ACH-000256,Drug_1507
0.9359,0.9359,ACH-000256,Drug_1005
0.9761,0.9761,ACH-000256,Drug_1040
0.8696,0.8696,ACH-000260,Drug_1326
0.8334,0.8334,ACH-000260,Drug_558
0.6026,0.6026,ACH-000260,Drug_195
0.91,0.91,ACH-000260,Drug_1279
0.5711,0.5711,ACH-000260,Drug_1087
0.8404,0.8404,ACH-000260,Drug_768
0.422,0.422,ACH-000260,Drug_1127
0.7448,0.7448,ACH-000260,Drug_1520
0.9256,0.9256,ACH-000260,Drug_643
0.962,0.962,ACH-000260,Drug_883
0.677,0.677,ACH-000260,Drug_614
0.9398,0.9398,ACH-000260,Drug_802
0.96,0.96,ACH-000260,Drug_1507
0.9215,0.9215,ACH-000260,Drug_665
0.8693,0.8693,ACH-000260,Drug_1040
0.9092,0.9092,ACH-000261,Drug_1326
0.4797,0.4797,ACH-000261,Drug_490
0.8532,0.8532,ACH-000261,Drug_558
0.6053,0.6053,ACH-000261,Drug_895
0.6257,0.6257,ACH-000261,Drug_195
0.9316,0.9316,ACH-000261,Drug_1279
0.8056,0.8056,ACH-000261,Drug_1087
0.9653,0.9653,ACH-000261,Drug_768
0.272,0.272,ACH-000261,Drug_1127
0.8538,0.8538,ACH-000261,Drug_685
0.8292,0.8292,ACH-000261,Drug_413
0.8532,0.8532,ACH-000261,Drug_564
0.78,0.78,ACH-000261,Drug_870
0.8753,0.8753,ACH-000261,Drug_883
0.8896,0.8896,ACH-000261,Drug_802
0.8902,0.8902,ACH-000261,Drug_435
0.9698,0.9698,ACH-000261,Drug_1507
0.9707,0.9707,ACH-000261,Drug_665
0.8687,0.8687,ACH-000261,Drug_1040
0.7303,0.7303,ACH-000264,Drug_749
0.9096,0.9096,ACH-000264,Drug_1326
0.4991,0.4991,ACH-000264,Drug_490
0.9157,0.9157,ACH-000264,Drug_558
0.6415,0.6415,ACH-000264,Drug_195
0.8449,0.8449,ACH-000264,Drug_1279
0.5502,0.5502,ACH-000264,Drug_1087
0.3162,0.3162,ACH-000264,Drug_1127
0.784,0.784,ACH-000264,Drug_685
0.799,0.799,ACH-000264,Drug_564
0.815,0.815,ACH-000264,Drug_883
0.8318,0.8318,ACH-000264,Drug_802
0.9382,0.9382,ACH-000264,Drug_1507
0.7926,0.7926,ACH-000264,Drug_665
0.8427,0.8427,ACH-000264,Drug_1005
0.7344,0.7344,ACH-000270,Drug_749
0.8245,0.8245,ACH-000270,Drug_558
0.678,0.678,ACH-000270,Drug_895
0.6376,0.6376,ACH-000270,Drug_195
0.6045,0.6045,ACH-000270,Drug_1087
0.8635,0.8635,ACH-000270,Drug_768
0.8002,0.8002,ACH-000270,Drug_413
0.8928,0.8928,ACH-000270,Drug_564
0.7583,0.7583,ACH-000270,Drug_870
0.7118,0.7118,ACH-000270,Drug_1520
0.8992,0.8992,ACH-000270,Drug_883
0.5559,0.5559,ACH-000270,Drug_614
0.9103,0.9103,ACH-000270,Drug_1507
0.7423,0.7423,ACH-000270,Drug_665
0.9708,0.9708,ACH-000270,Drug_1040
0.7773,0.7773,ACH-000271,Drug_749
0.79,0.79,ACH-000271,Drug_1326
0.4032,0.4032,ACH-000271,Drug_490
0.9749,0.9749,ACH-000271,Drug_558
0.5431,0.5431,ACH-000271,Drug_195
0.9756,0.9756,ACH-000271,Drug_1279
0.7632,0.7632,ACH-000271,Drug_768
0.258,0.258,ACH-000271,Drug_1127
0.9291,0.9291,ACH-000271,Drug_685
1.0,1.0,ACH-000271,Drug_564
0.7521,0.7521,ACH-000271,Drug_1520
0.7568,0.7568,ACH-000271,Drug_643
0.9896,0.9896,ACH-000271,Drug_802
0.791,0.791,ACH-000271,Drug_435
0.9669,0.9669,ACH-000271,Drug_1507
0.9313,0.9313,ACH-000271,Drug_665
0.783,0.783,ACH-000271,Drug_1005
0.775,0.775,ACH-000271,Drug_1040
0.7696,0.7696,ACH-000274,Drug_749
0.7864,0.7864,ACH-000274,Drug_1326
0.4919,0.4919,ACH-000274,Drug_490
0.8208,0.8208,ACH-000274,Drug_558
0.8007,0.8007,ACH-000274,Drug_895
0.78,0.78,ACH-000274,Drug_195
0.6512,0.6512,ACH-000274,Drug_1087
0.9135,0.9135,ACH-000274,Drug_768
0.4656,0.4656,ACH-000274,Drug_1127
0.82,0.82,ACH-000274,Drug_685
0.9811,0.9811,ACH-000274,Drug_564
0.8407,0.8407,ACH-000274,Drug_870
0.9024,0.9024,ACH-000274,Drug_883
0.4647,0.4647,ACH-000274,Drug_614
0.9386,0.9386,ACH-000274,Drug_435
0.9235,0.9235,ACH-000274,Drug_1507
0.8355,0.8355,ACH-000274,Drug_665
0.7812,0.7812,ACH-000274,Drug_1005
0.789,0.789,ACH-000291,Drug_749
0.4401,0.4401,ACH-000291,Drug_490
0.815,0.815,ACH-000291,Drug_558
0.6239,0.6239,ACH-000291,Drug_895
0.6193,0.6193,ACH-000291,Drug_195
0.9085,0.9085,ACH-000291,Drug_1279
0.5219,0.5219,ACH-000291,Drug_1087
0.9711,0.9711,ACH-000291,Drug_768
0.6189,0.6189,ACH-000291,Drug_1127
0.8018,0.8018,ACH-000291,Drug_413
0.6849,0.6849,ACH-000291,Drug_870
0.6742,0.6742,ACH-000291,Drug_1520
0.821,0.821,ACH-000291,Drug_643
0.9909,0.9909,ACH-000291,Drug_883
0.4965,0.4965,ACH-000291,Drug_614
0.891,0.891,ACH-000291,Drug_802
0.9768,0.9768,ACH-000291,Drug_1507
0.838,0.838,ACH-000291,Drug_665
0.9927,0.9927,ACH-000291,Drug_1040
0.8191,0.8191,ACH-000295,Drug_749
0.6703,0.6703,ACH-000295,Drug_1326
0.3973,0.3973,ACH-000295,Drug_490
0.7824,0.7824,ACH-000295,Drug_558
0.4519,0.4519,ACH-000295,Drug_195
0.9222,0.9222,ACH-000295,Drug_1279
0.5081,0.5081,ACH-000295,Drug_1087
0.7902,0.7902,ACH-000295,Drug_768
0.3613,0.3613,ACH-000295,Drug_413
0.8208,0.8208,ACH-000295,Drug_564
0.6404,0.6404,ACH-000295,Drug_870
0.7224,0.7224,ACH-000295,Drug_1520
0.7381,0.7381,ACH-000295,Drug_643
0.8506,0.8506,ACH-000295,Drug_883
0.5399,0.5399,ACH-000295,Drug_614
0.8384,0.8384,ACH-000295,Drug_802
0.9701,0.9701,ACH-000295,Drug_435
0.5562,0.5562,ACH-000295,Drug_665
0.7021,0.7021,ACH-000295,Drug_1040
0.9286,0.9286,ACH-000304,Drug_749
0.8561,0.8561,ACH-000304,Drug_1326
0.5409,0.5409,ACH-000304,Drug_490
0.9535,0.9535,ACH-000304,Drug_558
0.7147,0.7147,ACH-000304,Drug_1279
0.6695,0.6695,ACH-000304,Drug_1087
0.5709,0.5709,ACH-000304,Drug_1127
0.8026,0.8026,ACH-000304,Drug_685
0.8741,0.8741,ACH-000304,Drug_564
0.8023,0.8023,ACH-000304,Drug_870
0.8361,0.8361,ACH-000304,Drug_883
0.5771,0.5771,ACH-000304,Drug_614
0.8447,0.8447,ACH-000304,Drug_802
0.9146,0.9146,ACH-000304,Drug_435
0.9324,0.9324,ACH-000304,Drug_1507
0.9758,0.9758,ACH-000304,Drug_665
0.9757,0.9757,ACH-000304,Drug_1005
0.8974,0.8974,ACH-000304,Drug_1040
0.8025,0.8025,ACH-000307,Drug_749
0.5325,0.5325,ACH-000307,Drug_490
0.8245,0.8245,ACH-000307,Drug_558
0.673,0.673,ACH-000307,Drug_195
0.6549,0.6549,ACH-000307,Drug_1087
0.9461,0.9461,ACH-000307,Drug_768
0.4139,0.4139,ACH-000307,Drug_1127
0.7805,0.7805,ACH-000307,Drug_685
0.8423,0.8423,ACH-000307,Drug_413
0.8343,0.8343,ACH-000307,Drug_564
0.7333,0.7333,ACH-000307,Drug_870
0.8571,0.8571,ACH-000307,Drug_1520
0.7972,0.7972,ACH-000307,Drug_643
0.8193,0.8193,ACH-000307,Drug_883
0.9448,0.9448,ACH-000307,Drug_802
0.8075,0.8075,ACH-000307,Drug_435
0.9769,0.9769,ACH-000307,Drug_1507
0.8206,0.8206,ACH-000307,Drug_665
0.8052,0.8052,ACH-000308,Drug_749
0.8125,0.8125,ACH-000308,Drug_1326
0.5731,0.5731,ACH-000308,Drug_490
0.8535,0.8535,ACH-000308,Drug_558
0.6988,0.6988,ACH-000308,Drug_895
0.6836,0.6836,ACH-000308,Drug_195
0.888,0.888,ACH-000308,Drug_1279
0.8216,0.8216,ACH-000308,Drug_1087
0.9775,0.9775,ACH-000308,Drug_768
0.5847,0.5847,ACH-000308,Drug_1127
0.8549,0.8549,ACH-000308,Drug_685
0.85,0.85,ACH-000308,Drug_413
0.8253,0.8253,ACH-000308,Drug_564
0.7033,0.7033,ACH-000308,Drug_1520
0.8214,0.8214,ACH-000308,Drug_643
0.907,0.907,ACH-000308,Drug_883
0.6883,0.6883,ACH-000308,Drug_614
0.9529,0.9529,ACH-000308,Drug_802
0.9469,0.9469,ACH-000308,Drug_1507
0.8334,0.8334,ACH-000308,Drug_1005
0.858,0.858,ACH-000308,Drug_1040
0.7344,0.7344,ACH-000310,Drug_749
0.8869,0.8869,ACH-000310,Drug_1326
0.4533,0.4533,ACH-000310,Drug_490
0.4261,0.4261,ACH-000310,Drug_195
0.8325,0.8325,ACH-000310,Drug_1279
0.924,0.924,ACH-000310,Drug_685
0.792,0.792,ACH-000310,Drug_413
0.7788,0.7788,ACH-000310,Drug_564
0.7204,0.7204,ACH-000310,Drug_870
0.981,0.981,ACH-000310,Drug_883
0.7471,0.7471,ACH-000310,Drug_614
0.8216,0.8216,ACH-000310,Drug_802
0.8612,0.8612,ACH-000310,Drug_435
0.7276,0.7276,ACH-000310,Drug_1507
0.7514,0.7514,ACH-000310,Drug_665
0.7876,0.7876,ACH-000310,Drug_1005
0.905,0.905,ACH-000311,Drug_1326
0.4108,0.4108,ACH-000311,Drug_490
0.8121,0.8121,ACH-000311,Drug_558
0.4973,0.4973,ACH-000311,Drug_895
0.4489,0.4489,ACH-000311,Drug_195
0.8875,0.8875,ACH-000311,Drug_1279
0.4092,0.4092,ACH-000311,Drug_1087
0.7777,0.7777,ACH-000311,Drug_768
0.2538,0.2538,ACH-000311,Drug_1127
0.6008,0.6008,ACH-000311,Drug_685
0.8593,0.8593,ACH-000311,Drug_413
0.6576,0.6576,ACH-000311,Drug_870
0.6812,0.6812,ACH-000311,Drug_1520
0.7833,0.7833,ACH-000311,Drug_883
0.7597,0.7597,ACH-000311,Drug_435
0.813,0.813,ACH-000311,Drug_1507
0.8015,0.8015,ACH-000311,Drug_665
0.8174,0.8174,ACH-000311,Drug_1005
0.9078,0.9078,ACH-000312,Drug_1326
0.4069,0.4069,ACH-000312,Drug_490
0.8245,0.8245,ACH-000312,Drug_558
0.5551,0.5551,ACH-000312,Drug_895
0.5251,0.5251,ACH-000312,Drug_195
0.8423,0.8423,ACH-000312,Drug_1279
0.688,0.688,ACH-000312,Drug_1087
0.7336,0.7336,ACH-000312,Drug_768
0.7604,0.7604,ACH-000312,Drug_685
0.8584,0.8584,ACH-000312,Drug_413
0.9811,0.9811,ACH-000312,Drug_564
0.7042,0.7042,ACH-000312,Drug_1520
0.8012,0.8012,ACH-000312,Drug_643
0.838,0.838,ACH-000312,Drug_883
0.7064,0.7064,ACH-000312,Drug_614
0.8401,0.8401,ACH-000312,Drug_802
0.9879,0.9879,ACH-000312,Drug_435
0.9336,0.9336,ACH-000312,Drug_1507
0.8881,0.8881,ACH-000312,Drug_665
0.8221,0.8221,ACH-000312,Drug_1005
0.8096,0.8096,ACH-000312,Drug_1040
0.7694,0.7694,ACH-000315,Drug_749
0.4224,0.4224,ACH-000315,Drug_490
0.838,0.838,ACH-000315,Drug_558
0.9694,0.9694,ACH-000315,Drug_1279
0.956,0.956,ACH-000315,Drug_1087
0.98,0.98,ACH-000315,Drug_768
0.7438,0.7438,ACH-000315,Drug_1127
0.9303,0.9303,ACH-000315,Drug_685
1.0,1.0,ACH-000315,Drug_413
0.9935,0.9935,ACH-000315,Drug_564
0.6586,0.6586,ACH-000315,Drug_870
0.913,0.913,ACH-000315,Drug_643
0.8634,0.8634,ACH-000315,Drug_435
0.967,0.967,ACH-000315,Drug_1507
0.9147,0.9147,ACH-000315,Drug_665
0.7767,0.7767,ACH-000315,Drug_1040
0.9506,0.9506,ACH-000320,Drug_1326
0.5081,0.5081,ACH-000320,Drug_490
0.949,0.949,ACH-000320,Drug_558
0.6469,0.6469,ACH-000320,Drug_195
0.9027,0.9027,ACH-000320,Drug_1279
0.592,0.592,ACH-000320,Drug_1087
0.3801,0.3801,ACH-000320,Drug_1127
0.6484,0.6484,ACH-000320,Drug_685
0.96,0.96,ACH-000320,Drug_564
0.7989,0.7989,ACH-000320,Drug_1520
0.9242,0.9242,ACH-000320,Drug_643
0.9472,0.9472,ACH-000320,Drug_883
0.5739,0.5739,ACH-000320,Drug_614
0.8636,0.8636,ACH-000320,Drug_802
0.9458,0.9458,ACH-000320,Drug_665
0.9679,0.9679,ACH-000320,Drug_1005
0.8781,0.8781,ACH-000320,Drug_1040
0.823,0.823,ACH-000322,Drug_749
0.927,0.927,ACH-000322,Drug_1326
0.5139,0.5139,ACH-000322,Drug_490
0.8194,0.8194,ACH-000322,Drug_558
0.6292,0.6292,ACH-000322,Drug_895
0.6448,0.6448,ACH-000322,Drug_195
0.9365,0.9365,ACH-000322,Drug_1279
0.4817,0.4817,ACH-000322,Drug_1087
0.9786,0.9786,ACH-000322,Drug_768
0.4896,0.4896,ACH-000322,Drug_1127
0.6444,0.6444,ACH-000322,Drug_685
0.8032,0.8032,ACH-000322,Drug_413
0.6924,0.6924,ACH-000322,Drug_564
0.6212,0.6212,ACH-000322,Drug_870
0.807,0.807,ACH-000322,Drug_1520
0.7904,0.7904,ACH-000322,Drug_643
0.8849,0.8849,ACH-000322,Drug_883
0.5304,0.5304,ACH-000322,Drug_614
0.9281,0.9281,ACH-000322,Drug_802
0.861,0.861,ACH-000322,Drug_435
0.9104,0.9104,ACH-000322,Drug_1507
0.9082,0.9082,ACH-000322,Drug_1040
0.6385,0.6385,ACH-000323,Drug_1326
0.4959,0.4959,ACH-000323,Drug_490
0.8822,0.8822,ACH-000323,Drug_558
0.7881,0.7881,ACH-000323,Drug_1087
0.317,0.317,ACH-000323,Drug_1127
0.845,0.845,ACH-000323,Drug_564
0.7425,0.7425,ACH-000323,Drug_1520
0.7088,0.7088,ACH-000323,Drug_643
0.8576,0.8576,ACH-000323,Drug_883
0.458,0.458,ACH-000323,Drug_614
0.8025,0.8025,ACH-000323,Drug_802
0.8564,0.8564,ACH-000323,Drug_435
0.9051,0.9051,ACH-000323,Drug_1507
0.7567,0.7567,ACH-000323,Drug_665
0.888,0.888,ACH-000323,Drug_1005
0.8316,0.8316,ACH-000323,Drug_1040
0.8281,0.8281,ACH-000330,Drug_749
0.8244,0.8244,ACH-000330,Drug_558
0.6501,0.6501,ACH-000330,Drug_895
0.6745,0.6745,ACH-000330,Drug_195
0.6383,0.6383,ACH-000330,Drug_1279
0.8802,0.8802,ACH-000330,Drug_768
0.989,0.989,ACH-000330,Drug_685
0.9504,0.9504,ACH-000330,Drug_413
0.9941,0.9941,ACH-000330,Drug_564
0.7522,0.7522,ACH-000330,Drug_870
0.8424,0.8424,ACH-000330,Drug_1520
0.8911,0.8911,ACH-000330,Drug_643
0.8486,0.8486,ACH-000330,Drug_883
0.6051,0.6051,ACH-000330,Drug_614
0.8243,0.8243,ACH-000330,Drug_435
0.9576,0.9576,ACH-000330,Drug_1507
0.7664,0.7664,ACH-000330,Drug_665
0.8134,0.8134,ACH-000330,Drug_1005
0.9422,0.9422,ACH-000330,Drug_1040
0.9133,0.9133,ACH-000331,Drug_749
0.8445,0.8445,ACH-000331,Drug_558
0.5037,0.5037,ACH-000331,Drug_895
0.4635,0.4635,ACH-000331,Drug_195
0.8606,0.8606,ACH-000331,Drug_1279
0.7873,0.7873,ACH-000331,Drug_1087
0.7551,0.7551,ACH-000331,Drug_768
0.3274,0.3274,ACH-000331,Drug_1127
0.855,0.855,ACH-000331,Drug_685
0.809,0.809,ACH-000331,Drug_413
0.7897,0.7897,ACH-000331,Drug_564
0.6163,0.6163,ACH-000331,Drug_870
0.7984,0.7984,ACH-000331,Drug_1520
0.6003,0.6003,ACH-000331,Drug_614
0.9619,0.9619,ACH-000331,Drug_802
0.8463,0.8463,ACH-000331,Drug_1005
0.8786,0.8786,ACH-000331,Drug_1040
0.8277,0.8277,ACH-000335,Drug_1326
0.465,0.465,ACH-000335,Drug_490
0.8491,0.8491,ACH-000335,Drug_558
0.6004,0.6004,ACH-000335,Drug_195
0.8898,0.8898,ACH-000335,Drug_1279
0.6438,0.6438,ACH-000335,Drug_1087
0.8027,0.8027,ACH-000335,Drug_768
0.4211,0.4211,ACH-000335,Drug_1127
0.8112,0.8112,ACH-000335,Drug_413
0.8477,0.8477,ACH-000335,Drug_564
0.6837,0.6837,ACH-000335,Drug_870
0.7312,0.7312,ACH-000335,Drug_1520
0.7443,0.7443,ACH-000335,Drug_643
0.9006,0.9006,ACH-000335,Drug_883
0.5618,0.5618,ACH-000335,Drug_614
0.9274,0.9274,ACH-000335,Drug_802
0.8223,0.8223,ACH-000335,Drug_435
0.8241,0.8241,ACH-000335,Drug_1507
0.8668,0.8668,ACH-000335,Drug_665
0.8427,0.8427,ACH-000335,Drug_1005
0.953,0.953,ACH-000335,Drug_1040
0.754,0.754,ACH-000341,Drug_749
0.8378,0.8378,ACH-000341,Drug_1326
0.4717,0.4717,ACH-000341,Drug_490
0.9651,0.9651,ACH-000341,Drug_558
0.8622,0.8622,ACH-000341,Drug_195
0.9329,0.9329,ACH-000341,Drug_1279
0.7362,0.7362,ACH-000341,Drug_1087
0.6091,0.6091,ACH-000341,Drug_1127
0.7697,0.7697,ACH-000341,Drug_685
0.7624,0.7624,ACH-000341,Drug_870
0.6718,0.6718,ACH-000341,Drug_1520
0.8605,0.8605,ACH-000341,Drug_643
0.7209,0.7209,ACH-000341,Drug_614
0.9389,0.9389,ACH-000341,Drug_802
0.9556,0.9556,ACH-000341,Drug_435
0.9266,0.9266,ACH-000341,Drug_665
0.8343,0.8343,ACH-000341,Drug_1005
0.9425,0.9425,ACH-000341,Drug_1040
0.9264,0.9264,ACH-000343,Drug_749
0.8457,0.8457,ACH-000343,Drug_1326
0.5126,0.5126,ACH-000343,Drug_490
0.7326,0.7326,ACH-000343,Drug_195
0.9514,0.9514,ACH-000343,Drug_1279
0.9215,0.9215,ACH-000343,Drug_1087
0.9846,0.9846,ACH-000343,Drug_768
0.4246,0.4246,ACH-000343,Drug_1127
0.9104,0.9104,ACH-000343,Drug_685
0.8493,0.8493,ACH-000343,Drug_413
0.9912,0.9912,ACH-000343,Drug_564
0.8573,0.8573,ACH-000343,Drug_870
0.8163,0.8163,ACH-000343,Drug_1520
0.9258,0.9258,ACH-000343,Drug_643
0.9189,0.9189,ACH-000343,Drug_883
0.6143,0.6143,ACH-000343,Drug_614
0.8967,0.8967,ACH-000343,Drug_435
0.8968,0.8968,ACH-000343,Drug_665
0.9484,0.9484,ACH-000343,Drug_1005
0.7197,0.7197,ACH-000346,Drug_1326
0.4084,0.4084,ACH-000346,Drug_490
0.79,0.79,ACH-000346,Drug_558
0.3941,0.3941,ACH-000346,Drug_895
0.7216,0.7216,ACH-000346,Drug_1087
0.7017,0.7017,ACH-000346,Drug_768
0.7077,0.7077,ACH-000346,Drug_685
0.8074,0.8074,ACH-000346,Drug_413
0.7527,0.7527,ACH-000346,Drug_564
0.5703,0.5703,ACH-000346,Drug_870
0.6994,0.6994,ACH-000346,Drug_643
0.7697,0.7697,ACH-000346,Drug_883
0.5144,0.5144,ACH-000346,Drug_614
0.9094,0.9094,ACH-000346,Drug_802
0.8179,0.8179,ACH-000346,Drug_435
0.8766,0.8766,ACH-000346,Drug_665
0.7474,0.7474,ACH-000346,Drug_1040
0.7913,0.7913,ACH-000347,Drug_749
0.9136,0.9136,ACH-000347,Drug_1326
0.8334,0.8334,ACH-000347,Drug_558
0.8061,0.8061,ACH-000347,Drug_195
0.9113,0.9113,ACH-000347,Drug_1279
0.4256,0.4256,ACH-000347,Drug_1127
0.5419,0.5419,ACH-000347,Drug_685
0.87,0.87,ACH-000347,Drug_564
0.8021,0.8021,ACH-000347,Drug_1520
0.8624,0.8624,ACH-000347,Drug_643
0.9136,0.9136,ACH-000347,Drug_883
0.5645,0.5645,ACH-000347,Drug_614
0.8649,0.8649,ACH-000347,Drug_802
0.9294,0.9294,ACH-000347,Drug_435
0.9259,0.9259,ACH-000347,Drug_1507
0.9178,0.9178,ACH-000347,Drug_665
0.9415,0.9415,ACH-000347,Drug_1040
0.797,0.797,ACH-000348,Drug_749
0.46,0.46,ACH-000348,Drug_490
0.5937,0.5937,ACH-000348,Drug_195
0.9147,0.9147,ACH-000348,Drug_1279
0.8076,0.8076,ACH-000348,Drug_1087
0.2367,0.2367,ACH-000348,Drug_1127
0.9247,0.9247,ACH-000348,Drug_564
0.795,0.795,ACH-000348,Drug_870
0.7988,0.7988,ACH-000348,Drug_1520
0.8772,0.8772,ACH-000348,Drug_643
0.96,0.96,ACH-000348,Drug_883
0.3905,0.3905,ACH-000348,Drug_614
0.8624,0.8624,ACH-000348,Drug_802
0.9625,0.9625,ACH-000348,Drug_435
0.9836,0.9836,ACH-000348,Drug_1507
0.8832,0.8832,ACH-000348,Drug_665
0.8564,0.8564,ACH-000348,Drug_1005
0.5831,0.5831,ACH-000350,Drug_490
0.8143,0.8143,ACH-000350,Drug_558
0.7294,0.7294,ACH-000350,Drug_895
0.9285,0.9285,ACH-000350,Drug_1279
0.9135,0.9135,ACH-000350,Drug_768
0.7427,0.7427,ACH-000350,Drug_1127
0.7582,0.7582,ACH-000350,Drug_685
0.839,0.839,ACH-000350,Drug_413
0.8371,0.8371,ACH-000350,Drug_564
0.7623,0.7623,ACH-000350,Drug_1520
0.8346,0.8346,ACH-000350,Drug_883
0.5662,0.5662,ACH-000350,Drug_614
0.8446,0.8446,ACH-000350,Drug_802
0.8443,0.8443,ACH-000350,Drug_435
0.8557,0.8557,ACH-000350,Drug_1507
0.8861,0.8861,ACH-000350,Drug_665
0.83,0.83,ACH-000350,Drug_1005
0.8361,0.8361,ACH-000350,Drug_1040
0.7424,0.7424,ACH-000353,Drug_749
0.4564,0.4564,ACH-000353,Drug_490
0.6038,0.6038,ACH-000353,Drug_195
0.7771,0.7771,ACH-000353,Drug_1279
0.2816,0.2816,ACH-000353,Drug_1127
0.6526,0.6526,ACH-000353,Drug_685
0.8032,0.8032,ACH-000353,Drug_564
0.8735,0.8735,ACH-000353,Drug_1520
0.7162,0.7162,ACH-000353,Drug_643
0.7169,0.7169,ACH-000353,Drug_883
0.5487,0.5487,ACH-000353,Drug_614
0.7293,0.7293,ACH-000353,Drug_802
0.7441,0.7441,ACH-000353,Drug_435
0.897,0.897,ACH-000353,Drug_1507
0.7175,0.7175,ACH-000353,Drug_665
0.9412,0.9412,ACH-000353,Drug_1005
0.7566,0.7566,ACH-000353,Drug_1040
0.8518,0.8518,ACH-000356,Drug_749
0.9652,0.9652,ACH-000356,Drug_1326
0.5043,0.5043,ACH-000356,Drug_490
0.8129,0.8129,ACH-000356,Drug_558
0.5368,0.5368,ACH-000356,Drug_895
0.5133,0.5133,ACH-000356,Drug_195
0.8221,0.8221,ACH-000356,Drug_1279
0.9372,0.9372,ACH-000356,Drug_768
0.3301,0.3301,ACH-000356,Drug_1127
0.7532,0.7532,ACH-000356,Drug_685
0.8264,0.8264,ACH-000356,Drug_413
0.8634,0.8634,ACH-000356,Drug_564
0.6943,0.6943,ACH-000356,Drug_870
0.7817,0.7817,ACH-000356,Drug_643
0.951,0.951,ACH-000356,Drug_883
0.4495,0.4495,ACH-000356,Drug_614
0.7026,0.7026,ACH-000356,Drug_802
0.812,0.812,ACH-000356,Drug_1507
0.8567,0.8567,ACH-000356,Drug_665
0.556,0.556,ACH-000356,Drug_1005
0.7517,0.7517,ACH-000359,Drug_749
0.5629,0.5629,ACH-000359,Drug_490
0.9765,0.9765,ACH-000359,Drug_558
0.6038,0.6038,ACH-000359,Drug_895
0.6019,0.6019,ACH-000359,Drug_195
0.9294,0.9294,ACH-000359,Drug_1279
0.8916,0.8916,ACH-000359,Drug_1087
0.8902,0.8902,ACH-000359,Drug_768
0.3643,0.3643,ACH-000359,Drug_1127
0.9219,0.9219,ACH-000359,Drug_685
0.83,0.83,ACH-000359,Drug_413
0.9778,0.9778,ACH-000359,Drug_564
0.8159,0.8159,ACH-000359,Drug_870
0.6711,0.6711,ACH-000359,Drug_1520
0.8446,0.8446,ACH-000359,Drug_883
0.7518,0.7518,ACH-000359,Drug_614
0.9432,0.9432,ACH-000359,Drug_435
0.9644,0.9644,ACH-000359,Drug_1507
0.8647,0.8647,ACH-000359,Drug_665
0.7902,0.7902,ACH-000359,Drug_1005
1.0,1.0,ACH-000359,Drug_1040
0.8206,0.8206,ACH-000361,Drug_749
0.8635,0.8635,ACH-000361,Drug_1326
0.4654,0.4654,ACH-000361,Drug_490
0.8486,0.8486,ACH-000361,Drug_558
0.6378,0.6378,ACH-000361,Drug_895
0.9065,0.9065,ACH-000361,Drug_1279
0.7515,0.7515,ACH-000361,Drug_1087
0.8442,0.8442,ACH-000361,Drug_768
0.3293,0.3293,ACH-000361,Drug_1127
0.8381,0.8381,ACH-000361,Drug_685
0.8784,0.8784,ACH-000361,Drug_413
0.6439,0.6439,ACH-000361,Drug_870
0.8114,0.8114,ACH-000361,Drug_1520
0.7664,0.7664,ACH-000361,Drug_643
0.8158,0.8158,ACH-000361,Drug_883
0.6715,0.6715,ACH-000361,Drug_614
0.8916,0.8916,ACH-000361,Drug_802
0.8053,0.8053,ACH-000361,Drug_1005
0.8284,0.8284,ACH-000361,Drug_1040
0.8038,0.8038,ACH-000363,Drug_749
0.7608,0.7608,ACH-000363,Drug_1326
0.4932,0.4932,ACH-000363,Drug_490
0.7203,0.7203,ACH-000363,Drug_895
0.6746,0.6746,ACH-000363,Drug_195
0.8613,0.8613,ACH-000363,Drug_1279
0.9116,0.9116,ACH-000363,Drug_768
0.3489,0.3489,ACH-000363,Drug_1127
0.8297,0.8297,ACH-000363,Drug_685
0.8993,0.8993,ACH-000363,Drug_413
0.823,0.823,ACH-000363,Drug_564
0.6545,0.6545,ACH-000363,Drug_870
0.7922,0.7922,ACH-000363,Drug_1520
0.7997,0.7997,ACH-000363,Drug_643
0.6053,0.6053,ACH-000363,Drug_614
0.8814,0.8814,ACH-000363,Drug_802
0.8192,0.8192,ACH-000363,Drug_435
0.8797,0.8797,ACH-000363,Drug_1005
0.8412,0.8412,ACH-000363,Drug_1040
0.4395,0.4395,ACH-000364,Drug_490
0.8317,0.8317,ACH-000364,Drug_558
0.7054,0.7054,ACH-000364,Drug_195
0.7583,0.7583,ACH-000364,Drug_1087
0.9207,0.9207,ACH-000364,Drug_768
0.4532,0.4532,ACH-000364,Drug_1127
0.877,0.877,ACH-000364,Drug_685
0.8029,0.8029,ACH-000364,Drug_413
0.948,0.948,ACH-000364,Drug_564
0.8433,0.8433,ACH-000364,Drug_1520
0.842,0.842,ACH-000364,Drug_643
0.8864,0.8864,ACH-000364,Drug_883
0.5104,0.5104,ACH-000364,Drug_614
0.9075,0.9075,ACH-000364,Drug_435
0.8564,0.8564,ACH-000364,Drug_665
0.7318,0.7318,ACH-000365,Drug_1326
0.3778,0.3778,ACH-000365,Drug_490
0.7726,0.7726,ACH-000365,Drug_558
0.4859,0.4859,ACH-000365,Drug_895
0.4721,0.4721,ACH-000365,Drug_195
0.9612,0.9612,ACH-000365,Drug_1087
0.6977,0.6977,ACH-000365,Drug_768
0.2948,0.2948,ACH-000365,Drug_1127
0.9296,0.9296,ACH-000365,Drug_685
0.7801,0.7801,ACH-000365,Drug_413
0.7736,0.7736,ACH-000365,Drug_870
0.7467,0.7467,ACH-000365,Drug_1520
0.7251,0.7251,ACH-000365,Drug_643
0.9147,0.9147,ACH-000365,Drug_883
0.6128,0.6128,ACH-000365,Drug_614
0.6993,0.6993,ACH-000365,Drug_802
0.7792,0.7792,ACH-000365,Drug_435
0.8729,0.8729,ACH-000365,Drug_1507
0.6397,0.6397,ACH-000365,Drug_665
0.7587,0.7587,ACH-000365,Drug_1005
0.7724,0.7724,ACH-000365,Drug_1040
0.7144,0.7144,ACH-000366,Drug_749
0.3838,0.3838,ACH-000366,Drug_490
0.8875,0.8875,ACH-000366,Drug_558
0.5784,0.5784,ACH-000366,Drug_195
0.8256,0.8256,ACH-000366,Drug_768
0.3572,0.3572,ACH-000366,Drug_1127
0.9258,0.9258,ACH-000366,Drug_685
0.9825,0.9825,ACH-000366,Drug_564
0.7422,0.7422,ACH-000366,Drug_1520
0.7883,0.7883,ACH-000366,Drug_643
0.8632,0.8632,ACH-000366,Drug_883
0.6596,0.6596,ACH-000366,Drug_614
0.8275,0.8275,ACH-000366,Drug_802
0.9654,0.9654,ACH-000366,Drug_1507
0.8012,0.8012,ACH-000366,Drug_665
0.7696,0.7696,ACH-000366,Drug_1005
0.8003,0.8003,ACH-000366,Drug_1040
0.8194,0.8194,ACH-000372,Drug_749
0.7834,0.7834,ACH-000372,Drug_558
0.4171,0.4171,ACH-000372,Drug_895
0.9148,0.9148,ACH-000372,Drug_1279
0.7357,0.7357,ACH-000372,Drug_1087
0.7682,0.7682,ACH-000372,Drug_768
0.2771,0.2771,ACH-000372,Drug_1127
0.7705,0.7705,ACH-000372,Drug_685
0.897,0.897,ACH-000372,Drug_564
0.6787,0.6787,ACH-000372,Drug_870
0.8438,0.8438,ACH-000372,Drug_883
0.8115,0.8115,ACH-000372,Drug_802
0.8092,0.8092,ACH-000372,Drug_435
0.8573,0.8573,ACH-000372,Drug_1507
0.8665,0.8665,ACH-000375,Drug_749
0.499,0.499,ACH-000375,Drug_490
0.8139,0.8139,ACH-000375,Drug_558
0.5289,0.5289,ACH-000375,Drug_195
0.8696,0.8696,ACH-000375,Drug_1279
0.8203,0.8203,ACH-000375,Drug_1087
0.3534,0.3534,ACH-000375,Drug_1127
0.9255,0.9255,ACH-000375,Drug_685
0.9229,0.9229,ACH-000375,Drug_564
0.7289,0.7289,ACH-000375,Drug_870
0.8158,0.8158,ACH-000375,Drug_1520
0.8553,0.8553,ACH-000375,Drug_883
0.4826,0.4826,ACH-000375,Drug_614
0.864,0.864,ACH-000375,Drug_435
0.8138,0.8138,ACH-000375,Drug_1507
0.7667,0.7667,ACH-000375,Drug_665
0.8092,0.8092,ACH-000375,Drug_1005
0.9721,0.9721,ACH-000375,Drug_1040
0.8852,0.8852,ACH-000376,Drug_749
0.9424,0.9424,ACH-000376,Drug_1326
0.5252,0.5252,ACH-000376,Drug_490
0.5843,0.5843,ACH-000376,Drug_895
0.6166,0.6166,ACH-000376,Drug_195
0.8588,0.8588,ACH-000376,Drug_1279
0.8752,0.8752,ACH-000376,Drug_768
0.4395,0.4395,ACH-000376,Drug_1127
0.9194,0.9194,ACH-000376,Drug_685
0.7195,0.7195,ACH-000376,Drug_870
0.7738,0.7738,ACH-000376,Drug_1520
0.7891,0.7891,ACH-000376,Drug_643
0.9286,0.9286,ACH-000376,Drug_883
0.9005,0.9005,ACH-000376,Drug_802
0.8437,0.8437,ACH-000376,Drug_435
0.7741,0.7741,ACH-000376,Drug_1005
0.8343,0.8343,ACH-000376,Drug_1040
0.841,0.841,ACH-000378,Drug_1326
0.5905,0.5905,ACH-000378,Drug_490
0.8948,0.8948,ACH-000378,Drug_558
0.855,0.855,ACH-000378,Drug_768
0.4883,0.4883,ACH-000378,Drug_1127
0.8285,0.8285,ACH-000378,Drug_685
0.8864,0.8864,ACH-000378,Drug_413
0.8402,0.8402,ACH-000378,Drug_564
0.8343,0.8343,ACH-000378,Drug_870
0.9496,0.9496,ACH-000378,Drug_1520
0.8459,0.8459,ACH-000378,Drug_643
0.8434,0.8434,ACH-000378,Drug_883
0.6054,0.6054,ACH-000378,Drug_614
0.8162,0.8162,ACH-000378,Drug_802
0.9425,0.9425,ACH-000378,Drug_435
0.9377,0.9377,ACH-000378,Drug_1507
0.805,0.805,ACH-000378,Drug_665
0.8569,0.8569,ACH-000378,Drug_1005
0.8569,0.8569,ACH-000378,Drug_1040
0.7549,0.7549,ACH-000380,Drug_749
0.938,0.938,ACH-000380,Drug_1326
0.3066,0.3066,ACH-000380,Drug_490
0.9155,0.9155,ACH-000380,Drug_558
0.9625,0.9625,ACH-000380,Drug_1279
0.8948,0.8948,ACH-000380,Drug_1087
0.7521,0.7521,ACH-000380,Drug_768
0.883,0.883,ACH-000380,Drug_685
0.7135,0.7135,ACH-000380,Drug_870
0.7402,0.7402,ACH-000380,Drug_1520
0.9102,0.9102,ACH-000380,Drug_643
0.933,0.933,ACH-000380,Drug_883
0.5429,0.5429,ACH-000380,Drug_614
0.838,0.838,ACH-000380,Drug_802
0.9853,0.9853,ACH-000380,Drug_435
0.8753,0.8753,ACH-000380,Drug_1507
0.9912,0.9912,ACH-000380,Drug_665
0.8245,0.8245,ACH-000380,Drug_1005
0.9455,0.9455,ACH-000380,Drug_1040
0.815,0.815,ACH-000381,Drug_749
0.7429,0.7429,ACH-000381,Drug_1326
0.5403,0.5403,ACH-000381,Drug_490
0.957,0.957,ACH-000381,Drug_558
0.7826,0.7826,ACH-000381,Drug_895
0.789,0.789,ACH-000381,Drug_195
0.9739,0.9739,ACH-000381,Drug_1279
0.7163,0.7163,ACH-000381,Drug_1087
0.5155,0.5155,ACH-000381,Drug_1127
0.7747,0.7747,ACH-000381,Drug_685
0.9225,0.9225,ACH-000381,Drug_413
0.9077,0.9077,ACH-000381,Drug_564
0.825,0.825,ACH-000381,Drug_870
0.7823,0.7823,ACH-000381,Drug_1520
0.9987,0.9987,ACH-000381,Drug_643
0.7145,0.7145,ACH-000381,Drug_614
0.9644,0.9644,ACH-000381,Drug_435
0.8943,0.8943,ACH-000381,Drug_1507
0.9608,0.9608,ACH-000381,Drug_1040
0.7844,0.7844,ACH-000383,Drug_749
0.4428,0.4428,ACH-000383,Drug_490
0.5188,0.5188,ACH-000383,Drug_895
0.7909,0.7909,ACH-000383,Drug_1279
0.6988,0.6988,ACH-000383,Drug_1087
0.8403,0.8403,ACH-000383,Drug_768
0.4017,0.4017,ACH-000383,Drug_1127
0.8847,0.8847,ACH-000383,Drug_685
0.9247,0.9247,ACH-000383,Drug_413
0.9248,0.9248,ACH-000383,Drug_564
0.7476,0.7476,ACH-000383,Drug_870
0.9201,0.9201,ACH-000383,Drug_643
0.7946,0.7946,ACH-000383,Drug_883
0.5155,0.5155,ACH-000383,Drug_614
0.8537,0.8537,ACH-000383,Drug_802
0.7464,0.7464,ACH-000383,Drug_435
0.9826,0.9826,ACH-000383,Drug_1507
0.7882,0.7882,ACH-000383,Drug_665
0.6982,0.6982,ACH-000383,Drug_1005
0.98,0.98,ACH-000383,Drug_1040
0.7677,0.7677,ACH-000384,Drug_749
0.8447,0.8447,ACH-000384,Drug_1326
0.5222,0.5222,ACH-000384,Drug_490
0.985,0.985,ACH-000384,Drug_558
0.6073,0.6073,ACH-000384,Drug_895
0.6765,0.6765,ACH-000384,Drug_195
0.8877,0.8877,ACH-000384,Drug_1279
0.6184,0.6184,ACH-000384,Drug_1087
0.8133,0.8133,ACH-000384,Drug_768
0.3154,0.3154,ACH-000384,Drug_1127
0.8607,0.8607,ACH-000384,Drug_413
0.8908,0.8908,ACH-000384,Drug_564
0.7497,0.7497,ACH-000384,Drug_1520
0.8601,0.8601,ACH-000384,Drug_883
0.5693,0.5693,ACH-000384,Drug_614
0.8806,0.8806,ACH-000384,Drug_802
0.8474,0.8474,ACH-000384,Drug_435
0.9177,0.9177,ACH-000384,Drug_1507
0.8569,0.8569,ACH-000384,Drug_665
0.8238,0.8238,ACH-000384,Drug_1005
0.8516,0.8516,ACH-000384,Drug_1040
0.8079,0.8079,ACH-000386,Drug_749
0.6388,0.6388,ACH-000386,Drug_1326
0.8912,0.8912,ACH-000386,Drug_558
0.6242,0.6242,ACH-000386,Drug_895
0.6228,0.6228,ACH-000386,Drug_195
0.888,0.888,ACH-000386,Drug_1279
0.6195,0.6195,ACH-000386,Drug_1087
0.8261,0.8261,ACH-000386,Drug_768
0.7386,0.7386,ACH-000386,Drug_685
0.911,0.911,ACH-000386,Drug_564
0.6578,0.6578,ACH-000386,Drug_870
0.6985,0.6985,ACH-000386,Drug_1520
0.6219,0.6219,ACH-000386,Drug_643
0.8187,0.8187,ACH-000386,Drug_883
0.7411,0.7411,ACH-000386,Drug_614
0.8352,0.8352,ACH-000386,Drug_435
0.83,0.83,ACH-000386,Drug_1507
1.0,1.0,ACH-000386,Drug_665
0.8439,0.8439,ACH-000386,Drug_1005
0.9989,0.9989,ACH-000386,Drug_1040
0.8431,0.8431,ACH-000389,Drug_749
0.866,0.866,ACH-000389,Drug_1326
0.5,0.5,ACH-000389,Drug_490
0.6667,0.6667,ACH-000389,Drug_195
0.9306,0.9306,ACH-000389,Drug_1087
0.4373,0.4373,ACH-000389,Drug_1127
0.9909,0.9909,ACH-000389,Drug_685
0.8121,0.8121,ACH-000389,Drug_413
0.8304,0.8304,ACH-000389,Drug_564
0.7918,0.7918,ACH-000389,Drug_870
0.7344,0.7344,ACH-000389,Drug_1520
0.757,0.757,ACH-000389,Drug_643
0.9416,0.9416,ACH-000389,Drug_883
0.5523,0.5523,ACH-000389,Drug_614
0.9828,0.9828,ACH-000389,Drug_435
0.8165,0.8165,ACH-000389,Drug_1507
0.7576,0.7576,ACH-000389,Drug_1005
0.8766,0.8766,ACH-000389,Drug_1040
0.7305,0.7305,ACH-000390,Drug_1326
0.4387,0.4387,ACH-000390,Drug_490
0.8223,0.8223,ACH-000390,Drug_558
0.4772,0.4772,ACH-000390,Drug_195
0.8242,0.8242,ACH-000390,Drug_1087
0.9102,0.9102,ACH-000390,Drug_768
0.2888,0.2888,ACH-000390,Drug_1127
0.8558,0.8558,ACH-000390,Drug_413
0.7292,0.7292,ACH-000390,Drug_1520
0.8144,0.8144,ACH-000390,Drug_643
0.7606,0.7606,ACH-000390,Drug_883
0.8612,0.8612,ACH-000390,Drug_802
0.7313,0.7313,ACH-000390,Drug_435
0.7691,0.7691,ACH-000390,Drug_665
0.8517,0.8517,ACH-000390,Drug_1005
0.96,0.96,ACH-000390,Drug_1040
0.8136,0.8136,ACH-000392,Drug_749
0.7298,0.7298,ACH-000392,Drug_1326
0.4648,0.4648,ACH-000392,Drug_490
0.6253,0.6253,ACH-000392,Drug_195
0.867,0.867,ACH-000392,Drug_1279
0.729,0.729,ACH-000392,Drug_1087
0.9384,0.9384,ACH-000392,Drug_768
0.686,0.686,ACH-000392,Drug_1127
0.8864,0.8864,ACH-000392,Drug_413
0.9852,0.9852,ACH-000392,Drug_564
0.8498,0.8498,ACH-000392,Drug_870
0.781,0.781,ACH-000392,Drug_1520
0.9136,0.9136,ACH-000392,Drug_643
0.775,0.775,ACH-000392,Drug_883
0.7433,0.7433,ACH-000392,Drug_614
0.838,0.838,ACH-000392,Drug_802
0.6495,0.6495,ACH-000392,Drug_435
0.8371,0.8371,ACH-000392,Drug_1507
0.823,0.823,ACH-000392,Drug_1005
0.9066,0.9066,ACH-000392,Drug_1040
0.8076,0.8076,ACH-000393,Drug_749
0.8201,0.8201,ACH-000393,Drug_1326
0.5007,0.5007,ACH-000393,Drug_490
0.838,0.838,ACH-000393,Drug_558
0.5844,0.5844,ACH-000393,Drug_895
0.5998,0.5998,ACH-000393,Drug_195
0.8748,0.8748,ACH-000393,Drug_1087
0.5056,0.5056,ACH-000393,Drug_1127
0.8804,0.8804,ACH-000393,Drug_685
0.8459,0.8459,ACH-000393,Drug_413
0.7898,0.7898,ACH-000393,Drug_1520
0.7531,0.7531,ACH-000393,Drug_643
0.8534,0.8534,ACH-000393,Drug_883
0.6141,0.6141,ACH-000393,Drug_614
0.855,0.855,ACH-000393,Drug_802
0.9066,0.9066,ACH-000393,Drug_435
0.8611,0.8611,ACH-000393,Drug_665
0.8216,0.8216,ACH-000393,Drug_1005
1.0,1.0,ACH-000393,Drug_1040
0.8256,0.8256,ACH-000396,Drug_1326
0.5414,0.5414,ACH-000396,Drug_490
1.0,1.0,ACH-000396,Drug_558
0.8397,0.8397,ACH-000396,Drug_1087
0.9756,0.9756,ACH-000396,Drug_768
0.8856,0.8856,ACH-000396,Drug_685
0.9836,0.9836,ACH-000396,Drug_564
0.8638,0.8638,ACH-000396,Drug_870
0.9267,0.9267,ACH-000396,Drug_1520
0.8693,0.8693,ACH-000396,Drug_643
0.6789,0.6789,ACH-000396,Drug_614
0.9004,0.9004,ACH-000396,Drug_802
0.9661,0.9661,ACH-000396,Drug_435
0.9621,0.9621,ACH-000396,Drug_1507
0.9456,0.9456,ACH-000396,Drug_665
0.8634,0.8634,ACH-000396,Drug_1040
0.8545,0.8545,ACH-000397,Drug_749
0.8819,0.8819,ACH-000397,Drug_1326
0.5569,0.5569,ACH-000397,Drug_490
1.0,1.0,ACH-000397,Drug_558
0.7182,0.7182,ACH-000397,Drug_895
0.7482,0.7482,ACH-000397,Drug_195
0.9113,0.9113,ACH-000397,Drug_768
0.5715,0.5715,ACH-000397,Drug_1127
0.8851,0.8851,ACH-000397,Drug_413
0.9185,0.9185,ACH-000397,Drug_564
0.896,0.896,ACH-000397,Drug_870
0.9783,0.9783,ACH-000397,Drug_883
0.9186,0.9186,ACH-000397,Drug_435
0.9524,0.9524,ACH-000397,Drug_1507
0.9169,0.9169,ACH-000397,Drug_665
0.952,0.952,ACH-000397,Drug_1005
0.9602,0.9602,ACH-000397,Drug_1040
0.8332,0.8332,ACH-000400,Drug_1326
0.5585,0.5585,ACH-000400,Drug_490
0.95,0.95,ACH-000400,Drug_558
0.7762,0.7762,ACH-000400,Drug_195
0.9612,0.9612,ACH-000400,Drug_1279
0.5646,0.5646,ACH-000400,Drug_1087
0.9722,0.9722,ACH-000400,Drug_768
0.7537,0.7537,ACH-000400,Drug_1127
0.6525,0.6525,ACH-000400,Drug_685
0.7713,0.7713,ACH-000400,Drug_413
0.8135,0.8135,ACH-000400,Drug_870
0.7099,0.7099,ACH-000400,Drug_1520
0.8677,0.8677,ACH-000400,Drug_643
0.8149,0.8149,ACH-000400,Drug_883
0.576,0.576,ACH-000400,Drug_614
0.788,0.788,ACH-000400,Drug_435
0.9487,0.9487,ACH-000400,Drug_1507
0.8159,0.8159,ACH-000400,Drug_1005
0.8045,0.8045,ACH-000400,Drug_1040
0.8284,0.8284,ACH-000402,Drug_749
0.7168,0.7168,ACH-000402,Drug_1326
0.9769,0.9769,ACH-000402,Drug_558
0.5116,0.5116,ACH-000402,Drug_195
0.9312,0.9312,ACH-000402,Drug_1279
0.9877,0.9877,ACH-000402,Drug_1087
0.3315,0.3315,ACH-000402,Drug_1127
0.9728,0.9728,ACH-000402,Drug_685
0.9185,0.9185,ACH-000402,Drug_413
0.929,0.929,ACH-000402,Drug_564
0.7771,0.7771,ACH-000402,Drug_870
0.7494,0.7494,ACH-000402,Drug_643
0.9236,0.9236,ACH-000402,Drug_802
0.8253,0.8253,ACH-000402,Drug_435
0.9394,0.9394,ACH-000402,Drug_1507
0.7218,0.7218,ACH-000402,Drug_665
0.7766,0.7766,ACH-000402,Drug_1005
0.9956,0.9956,ACH-000402,Drug_1040
0.7975,0.7975,ACH-000403,Drug_749
0.4422,0.4422,ACH-000403,Drug_490
0.9282,0.9282,ACH-000403,Drug_558
0.6779,0.6779,ACH-000403,Drug_195
0.8425,0.8425,ACH-000403,Drug_1279
0.4806,0.4806,ACH-000403,Drug_1087
0.8361,0.8361,ACH-000403,Drug_768
0.4249,0.4249,ACH-000403,Drug_1127
0.5244,0.5244,ACH-000403,Drug_685
0.8796,0.8796,ACH-000403,Drug_413
0.7408,0.7408,ACH-000403,Drug_1520
0.8384,0.8384,ACH-000403,Drug_883
0.5548,0.5548,ACH-000403,Drug_614
0.8268,0.8268,ACH-000403,Drug_802
0.8865,0.8865,ACH-000403,Drug_435
0.859,0.859,ACH-000403,Drug_1507
0.8679,0.8679,ACH-000403,Drug_1005
0.9796,0.9796,ACH-000403,Drug_1040
0.7592,0.7592,ACH-000404,Drug_749
0.7721,0.7721,ACH-000404,Drug_1326
0.4421,0.4421,ACH-000404,Drug_490
0.8991,0.8991,ACH-000404,Drug_558
0.839,0.839,ACH-000404,Drug_1279
0.5692,0.5692,ACH-000404,Drug_1087
0.9113,0.9113,ACH-000404,Drug_768
0.4287,0.4287,ACH-000404,Drug_1127
0.6815,0.6815,ACH-000404,Drug_685
0.8302,0.8302,ACH-000404,Drug_413
0.7251,0.7251,ACH-000404,Drug_870
0.8606,0.8606,ACH-000404,Drug_643
0.9885,0.9885,ACH-000404,Drug_883
0.815,0.815,ACH-000404,Drug_802
0.8396,0.8396,ACH-000404,Drug_1507
0.9678,0.9678,ACH-000404,Drug_665
0.8129,0.8129,ACH-000404,Drug_1005
0.9825,0.9825,ACH-000404,Drug_1040
0.8171,0.8171,ACH-000406,Drug_749
0.9011,0.9011,ACH-000406,Drug_1326
0.4474,0.4474,ACH-000406,Drug_490
0.8276,0.8276,ACH-000406,Drug_558
0.5703,0.5703,ACH-000406,Drug_895
0.5781,0.5781,ACH-000406,Drug_195
0.7742,0.7742,ACH-000406,Drug_1087
0.7934,0.7934,ACH-000406,Drug_768
0.8671,0.8671,ACH-000406,Drug_685
0.8432,0.8432,ACH-000406,Drug_413
0.8434,0.8434,ACH-000406,Drug_564
0.7689,0.7689,ACH-000406,Drug_870
0.8896,0.8896,ACH-000406,Drug_1520
0.8,0.8,ACH-000406,Drug_643
0.9307,0.9307,ACH-000406,Drug_883
0.5026,0.5026,ACH-000406,Drug_614
0.8147,0.8147,ACH-000406,Drug_802
0.823,0.823,ACH-000406,Drug_435
0.9736,0.9736,ACH-000406,Drug_1507
0.9636,0.9636,ACH-000406,Drug_665
0.8057,0.8057,ACH-000406,Drug_1040
0.9342,0.9342,ACH-000408,Drug_749
0.8609,0.8609,ACH-000408,Drug_1326
0.5662,0.5662,ACH-000408,Drug_490
0.5771,0.5771,ACH-000408,Drug_195
0.4255,0.4255,ACH-000408,Drug_1127
0.9192,0.9192,ACH-000408,Drug_685
0.9725,0.9725,ACH-000408,Drug_564
0.8754,0.8754,ACH-000408,Drug_643
0.6175,0.6175,ACH-000408,Drug_614
0.91,0.91,ACH-000408,Drug_802
0.9213,0.9213,ACH-000408,Drug_435
0.9581,0.9581,ACH-000408,Drug_1507
0.9368,0.9368,ACH-000408,Drug_665
0.8649,0.8649,ACH-000408,Drug_1040
0.8208,0.8208,ACH-000409,Drug_749
0.8695,0.8695,ACH-000409,Drug_1326
0.566,0.566,ACH-000409,Drug_490
0.6996,0.6996,ACH-000409,Drug_895
0.7401,0.7401,ACH-000409,Drug_195
0.9399,0.9399,ACH-000409,Drug_1279
0.8008,0.8008,ACH-000409,Drug_1087
0.951,0.951,ACH-000409,Drug_768
0.6595,0.6595,ACH-000409,Drug_1127
0.9075,0.9075,ACH-000409,Drug_685
0.8572,0.8572,ACH-000409,Drug_413
0.8414,0.8414,ACH-000409,Drug_870
0.8181,0.8181,ACH-000409,Drug_1520
0.9311,0.9311,ACH-000409,Drug_643
0.9405,0.9405,ACH-000409,Drug_883
0.9464,0.9464,ACH-000409,Drug_802
0.8253,0.8253,ACH-000409,Drug_435
0.9283,0.9283,ACH-000409,Drug_1507
0.9324,0.9324,ACH-000409,Drug_665
0.8607,0.8607,ACH-000409,Drug_1005
0.9561,0.9561,ACH-000409,Drug_1040
0.7391,0.7391,ACH-000410,Drug_749
0.8253,0.8253,ACH-000410,Drug_558
0.5347,0.5347,ACH-000410,Drug_895
0.9585,0.9585,ACH-000410,Drug_1279
0.9778,0.9778,ACH-000410,Drug_1087
0.3547,0.3547,ACH-000410,Drug_1127
0.9502,0.9502,ACH-000410,Drug_685
0.7872,0.7872,ACH-000410,Drug_413
0.8412,0.8412,ACH-000410,Drug_564
0.7526,0.7526,ACH-000410,Drug_870
0.7467,0.7467,ACH-000410,Drug_1520
0.7528,0.7528,ACH-000410,Drug_643
0.8472,0.8472,ACH-000410,Drug_883
0.6791,0.6791,ACH-000410,Drug_614
0.8395,0.8395,ACH-000410,Drug_435
0.8459,0.8459,ACH-000410,Drug_1507
0.8191,0.8191,ACH-000410,Drug_1005
0.8261,0.8261,ACH-000410,Drug_1040
0.8371,0.8371,ACH-000411,Drug_749
0.8606,0.8606,ACH-000411,Drug_558
0.6468,0.6468,ACH-000411,Drug_895
0.6117,0.6117,ACH-000411,Drug_195
0.69,0.69,ACH-000411,Drug_1087
0.5328,0.5328,ACH-000411,Drug_1127
0.8178,0.8178,ACH-000411,Drug_685
0.8162,0.8162,ACH-000411,Drug_413
0.838,0.838,ACH-000411,Drug_564
0.697,0.697,ACH-000411,Drug_870
0.7111,0.7111,ACH-000411,Drug_883
0.6502,0.6502,ACH-000411,Drug_614
0.8052,0.8052,ACH-000411,Drug_802
0.8671,0.8671,ACH-000411,Drug_1507
0.8306,0.8306,ACH-000411,Drug_1005
0.827,0.827,ACH-000411,Drug_1040
0.8293,0.8293,ACH-000414,Drug_749
0.7052,0.7052,ACH-000414,Drug_1326
0.9794,0.9794,ACH-000414,Drug_558
0.6394,0.6394,ACH-000414,Drug_195
0.8544,0.8544,ACH-000414,Drug_1279
0.8068,0.8068,ACH-000414,Drug_768
0.7268,0.7268,ACH-000414,Drug_685
0.9961,0.9961,ACH-000414,Drug_413
0.9661,0.9661,ACH-000414,Drug_564
0.8624,0.8624,ACH-000414,Drug_870
0.9058,0.9058,ACH-000414,Drug_1520
0.875,0.875,ACH-000414,Drug_643
0.8253,0.8253,ACH-000414,Drug_883
0.8601,0.8601,ACH-000414,Drug_435
0.8564,0.8564,ACH-000414,Drug_665
0.9714,0.9714,ACH-000414,Drug_1005
0.892,0.892,ACH-000414,Drug_1040
0.8112,0.8112,ACH-000420,Drug_1326
0.9148,0.9148,ACH-000420,Drug_558
0.7952,0.7952,ACH-000420,Drug_195
0.904,0.904,ACH-000420,Drug_1279
0.8045,0.8045,ACH-000420,Drug_1087
0.9987,0.9987,ACH-000420,Drug_768
0.7281,0.7281,ACH-000420,Drug_1127
0.9359,0.9359,ACH-000420,Drug_685
0.8487,0.8487,ACH-000420,Drug_413
0.9373,0.9373,ACH-000420,Drug_564
0.8007,0.8007,ACH-000420,Drug_870
0.909,0.909,ACH-000420,Drug_1520
0.8701,0.8701,ACH-000420,Drug_643
0.919,0.919,ACH-000420,Drug_883
0.7847,0.7847,ACH-000420,Drug_614
0.9006,0.9006,ACH-000420,Drug_802
0.9107,0.9107,ACH-000420,Drug_435
0.8978,0.8978,ACH-000420,Drug_1507
0.8137,0.8137,ACH-000420,Drug_665
0.8292,0.8292,ACH-000420,Drug_1005
0.9973,0.9973,ACH-000420,Drug_1040
0.7725,0.7725,ACH-000422,Drug_749
0.8059,0.8059,ACH-000422,Drug_1326
0.5279,0.5279,ACH-000422,Drug_490
0.899,0.899,ACH-000422,Drug_558
0.8061,0.8061,ACH-000422,Drug_1279
0.8665,0.8665,ACH-000422,Drug_1087
0.8838,0.8838,ACH-000422,Drug_564
0.7367,0.7367,ACH-000422,Drug_870
0.8045,0.8045,ACH-000422,Drug_1520
0.8464,0.8464,ACH-000422,Drug_643
0.6191,0.6191,ACH-000422,Drug_614
0.8093,0.8093,ACH-000422,Drug_802
0.8639,0.8639,ACH-000422,Drug_1507
0.9396,0.9396,ACH-000422,Drug_665
0.8253,0.8253,ACH-000422,Drug_1040
0.8017,0.8017,ACH-000425,Drug_749
0.873,0.873,ACH-000425,Drug_1326
0.8459,0.8459,ACH-000425,Drug_558
0.8876,0.8876,ACH-000425,Drug_1279
0.4253,0.4253,ACH-000425,Drug_1087
0.4326,0.4326,ACH-000425,Drug_1127
0.5659,0.5659,ACH-000425,Drug_685
0.5913,0.5913,ACH-000425,Drug_564
0.6877,0.6877,ACH-000425,Drug_870
0.802,0.802,ACH-000425,Drug_643
0.808,0.808,ACH-000425,Drug_883
0.8121,0.8121,ACH-000425,Drug_802
0.8889,0.8889,ACH-000425,Drug_435
0.9039,0.9039,ACH-000425,Drug_665
0.8873,0.8873,ACH-000425,Drug_1005
0.8262,0.8262,ACH-000427,Drug_749
0.8249,0.8249,ACH-000427,Drug_1326
0.4729,0.4729,ACH-000427,Drug_490
0.8308,0.8308,ACH-000427,Drug_558
0.628,0.628,ACH-000427,Drug_195
0.9543,0.9543,ACH-000427,Drug_1279
0.7397,0.7397,ACH-000427,Drug_1087
0.9136,0.9136,ACH-000427,Drug_768
0.4089,0.4089,ACH-000427,Drug_1127
0.8442,0.8442,ACH-000427,Drug_685
0.8278,0.8278,ACH-000427,Drug_413
0.9308,0.9308,ACH-000427,Drug_564
0.751,0.751,ACH-000427,Drug_870
0.8332,0.8332,ACH-000427,Drug_643
0.8316,0.8316,ACH-000427,Drug_883
0.3586,0.3586,ACH-000427,Drug_614
0.9582,0.9582,ACH-000427,Drug_802
0.4888,0.4888,ACH-000427,Drug_435
0.9521,0.9521,ACH-000427,Drug_1507
0.7564,0.7564,ACH-000427,Drug_665
0.815,0.815,ACH-000427,Drug_1040
0.7658,0.7658,ACH-000430,Drug_749
0.7853,0.7853,ACH-000430,Drug_1326
0.4772,0.4772,ACH-000430,Drug_490
0.8129,0.8129,ACH-000430,Drug_558
0.5835,0.5835,ACH-000430,Drug_195
0.7581,0.7581,ACH-000430,Drug_1087
0.8466,0.8466,ACH-000430,Drug_768
0.4284,0.4284,ACH-000430,Drug_1127
0.8719,0.8719,ACH-000430,Drug_685
0.9378,0.9378,ACH-000430,Drug_413
0.7645,0.7645,ACH-000430,Drug_870
0.7875,0.7875,ACH-000430,Drug_1520
0.7921,0.7921,ACH-000430,Drug_643
0.5873,0.5873,ACH-000430,Drug_614
0.8446,0.8446,ACH-000430,Drug_435
0.9951,0.9951,ACH-000430,Drug_1507
0.8059,0.8059,ACH-000430,Drug_665
0.8501,0.8501,ACH-000430,Drug_1040
0.8273,0.8273,ACH-000434,Drug_1326
0.4341,0.4341,ACH-000434,Drug_490
0.9717,0.9717,ACH-000434,Drug_558
0.6569,0.6569,ACH-000434,Drug_195
0.8518,0.8518,ACH-000434,Drug_1279
0.5615,0.5615,ACH-000434,Drug_1087
0.822,0.822,ACH-000434,Drug_768
0.3731,0.3731,ACH-000434,Drug_1127
0.6675,0.6675,ACH-000434,Drug_685
0.9624,0.9624,ACH-000434,Drug_413
0.8361,0.8361,ACH-000434,Drug_564
0.6684,0.6684,ACH-000434,Drug_870
0.7889,0.7889,ACH-000434,Drug_643
0.8442,0.8442,ACH-000434,Drug_883
0.8472,0.8472,ACH-000434,Drug_435
0.9489,0.9489,ACH-000434,Drug_1507
0.8659,0.8659,ACH-000434,Drug_665
0.8292,0.8292,ACH-000434,Drug_1005
1.0,1.0,ACH-000434,Drug_1040
0.8436,0.8436,ACH-000435,Drug_749
0.832,0.832,ACH-000435,Drug_1326
0.5466,0.5466,ACH-000435,Drug_490
0.8516,0.8516,ACH-000435,Drug_558
0.7381,0.7381,ACH-000435,Drug_195
0.9365,0.9365,ACH-000435,Drug_1279
0.7731,0.7731,ACH-000435,Drug_1087
0.7666,0.7666,ACH-000435,Drug_1127
0.8448,0.8448,ACH-000435,Drug_685
0.8361,0.8361,ACH-000435,Drug_413
0.989,0.989,ACH-000435,Drug_564
0.8555,0.8555,ACH-000435,Drug_1520
0.9382,0.9382,ACH-000435,Drug_643
0.8888,0.8888,ACH-000435,Drug_883
0.7524,0.7524,ACH-000435,Drug_614
0.957,0.957,ACH-000435,Drug_802
0.8019,0.8019,ACH-000435,Drug_435
0.9633,0.9633,ACH-000435,Drug_1507
0.7664,0.7664,ACH-000435,Drug_665
1.0,1.0,ACH-000435,Drug_1040
0.9373,0.9373,ACH-000437,Drug_749
0.9259,0.9259,ACH-000437,Drug_1326
0.5976,0.5976,ACH-000437,Drug_490
0.9741,0.9741,ACH-000437,Drug_558
0.8423,0.8423,ACH-000437,Drug_1087
0.9024,0.9024,ACH-000437,Drug_768
0.3756,0.3756,ACH-000437,Drug_1127
1.0,1.0,ACH-000437,Drug_685
0.8021,0.8021,ACH-000437,Drug_413
0.8701,0.8701,ACH-000437,Drug_564
0.8615,0.8615,ACH-000437,Drug_1520
0.6095,0.6095,ACH-000437,Drug_614
0.8946,0.8946,ACH-000437,Drug_802
0.7919,0.7919,ACH-000437,Drug_435
0.8575,0.8575,ACH-000437,Drug_1507
0.8542,0.8542,ACH-000437,Drug_665
0.8253,0.8253,ACH-000437,Drug_1005
0.7105,0.7105,ACH-000444,Drug_749
0.781,0.781,ACH-000444,Drug_1326
0.7959,0.7959,ACH-000444,Drug_558
0.4535,0.4535,ACH-000444,Drug_895
0.4746,0.4746,ACH-000444,Drug_195
0.8906,0.8906,ACH-000444,Drug_1279
0.3227,0.3227,ACH-000444,Drug_1127
0.744,0.744,ACH-000444,Drug_685
0.8844,0.8844,ACH-000444,Drug_413
0.8595,0.8595,ACH-000444,Drug_564
0.7265,0.7265,ACH-000444,Drug_1520
0.7117,0.7117,ACH-000444,Drug_643
0.7848,0.7848,ACH-000444,Drug_883
0.8486,0.8486,ACH-000444,Drug_802
0.8223,0.8223,ACH-000444,Drug_1507
0.8796,0.8796,ACH-000444,Drug_665
0.745,0.745,ACH-000444,Drug_1005
0.815,0.815,ACH-000444,Drug_1040
0.8455,0.8455,ACH-000445,Drug_749
0.4534,0.4534,ACH-000445,Drug_490
0.613,0.613,ACH-000445,Drug_895
0.7509,0.7509,ACH-000445,Drug_1087
0.836,0.836,ACH-000445,Drug_768
0.2873,0.2873,ACH-000445,Drug_1127
0.84,0.84,ACH-000445,Drug_685
0.9729,0.9729,ACH-000445,Drug_564
0.7886,0.7886,ACH-000445,Drug_870
0.7949,0.7949,ACH-000445,Drug_1520
0.8564,0.8564,ACH-000445,Drug_643
0.839,0.839,ACH-000445,Drug_883
0.5328,0.5328,ACH-000445,Drug_614
0.7939,0.7939,ACH-000445,Drug_802
0.9449,0.9449,ACH-000445,Drug_435
0.9472,0.9472,ACH-000445,Drug_1507
0.9407,0.9407,ACH-000445,Drug_665
0.8261,0.8261,ACH-000445,Drug_1005
0.8172,0.8172,ACH-000445,Drug_1040
0.7172,0.7172,ACH-000446,Drug_749
0.8436,0.8436,ACH-000446,Drug_1326
0.4285,0.4285,ACH-000446,Drug_490
0.4289,0.4289,ACH-000446,Drug_895
0.4441,0.4441,ACH-000446,Drug_195
0.9328,0.9328,ACH-000446,Drug_1279
0.5871,0.5871,ACH-000446,Drug_1087
0.7435,0.7435,ACH-000446,Drug_768
0.3261,0.3261,ACH-000446,Drug_1127
0.7173,0.7173,ACH-000446,Drug_685
0.8371,0.8371,ACH-000446,Drug_564
0.7665,0.7665,ACH-000446,Drug_870
0.6643,0.6643,ACH-000446,Drug_1520
0.7756,0.7756,ACH-000446,Drug_643
0.908,0.908,ACH-000446,Drug_883
0.5162,0.5162,ACH-000446,Drug_614
0.8607,0.8607,ACH-000446,Drug_802
0.8297,0.8297,ACH-000446,Drug_435
0.8563,0.8563,ACH-000446,Drug_1507
0.7762,0.7762,ACH-000446,Drug_665
0.7296,0.7296,ACH-000446,Drug_1005
0.8152,0.8152,ACH-000447,Drug_749
0.8767,0.8767,ACH-000447,Drug_1326
0.469,0.469,ACH-000447,Drug_490
0.8238,0.8238,ACH-000447,Drug_558
0.5597,0.5597,ACH-000447,Drug_895
0.5989,0.5989,ACH-000447,Drug_195
0.9073,0.9073,ACH-000447,Drug_1279
0.7399,0.7399,ACH-000447,Drug_1087
0.955,0.955,ACH-000447,Drug_768
0.3931,0.3931,ACH-000447,Drug_1127
0.9111,0.9111,ACH-000447,Drug_685
0.8352,0.8352,ACH-000447,Drug_413
0.7701,0.7701,ACH-000447,Drug_870
0.4669,0.4669,ACH-000447,Drug_1520
0.7927,0.7927,ACH-000447,Drug_643
0.9855,0.9855,ACH-000447,Drug_802
0.954,0.954,ACH-000447,Drug_435
0.931,0.931,ACH-000447,Drug_1507
0.691,0.691,ACH-000447,Drug_1005
0.9091,0.9091,ACH-000449,Drug_749
0.5231,0.5231,ACH-000449,Drug_490
0.8334,0.8334,ACH-000449,Drug_558
0.5468,0.5468,ACH-000449,Drug_195
0.9328,0.9328,ACH-000449,Drug_1279
0.9491,0.9491,ACH-000449,Drug_1087
0.9192,0.9192,ACH-000449,Drug_768
0.4056,0.4056,ACH-000449,Drug_1127
0.9247,0.9247,ACH-000449,Drug_685
0.9017,0.9017,ACH-000449,Drug_413
0.9815,0.9815,ACH-000449,Drug_564
0.7923,0.7923,ACH-000449,Drug_870
0.8027,0.8027,ACH-000449,Drug_1520
0.9131,0.9131,ACH-000449,Drug_643
0.9737,0.9737,ACH-000449,Drug_883
0.4609,0.4609,ACH-000449,Drug_614
0.9773,0.9773,ACH-000449,Drug_802
0.9862,0.9862,ACH-000449,Drug_435
0.8458,0.8458,ACH-000449,Drug_1507
0.9802,0.9802,ACH-000449,Drug_665
0.8551,0.8551,ACH-000449,Drug_1005
0.8147,0.8147,ACH-000449,Drug_1040
0.7701,0.7701,ACH-000450,Drug_749
0.7685,0.7685,ACH-000450,Drug_1326
0.4402,0.4402,ACH-000450,Drug_490
0.806,0.806,ACH-000450,Drug_558
0.5669,0.5669,ACH-000450,Drug_895
0.6625,0.6625,ACH-000450,Drug_195
0.8567,0.8567,ACH-000450,Drug_1279
0.4563,0.4563,ACH-000450,Drug_1087
0.9638,0.9638,ACH-000450,Drug_768
0.5851,0.5851,ACH-000450,Drug_1127
0.5799,0.5799,ACH-000450,Drug_685
0.6436,0.6436,ACH-000450,Drug_564
0.7704,0.7704,ACH-000450,Drug_1520
0.7798,0.7798,ACH-000450,Drug_643
0.85,0.85,ACH-000450,Drug_802
0.8012,0.8012,ACH-000450,Drug_435
0.9552,0.9552,ACH-000450,Drug_1507
0.827,0.827,ACH-000450,Drug_665
0.79,0.79,ACH-000450,Drug_1005
0.4819,0.4819,ACH-000451,Drug_490
0.8371,0.8371,ACH-000451,Drug_558
0.8121,0.8121,ACH-000451,Drug_195
0.8371,0.8371,ACH-000451,Drug_1279
0.85,0.85,ACH-000451,Drug_768
0.4632,0.4632,ACH-000451,Drug_1127
0.8704,0.8704,ACH-000451,Drug_685
0.8577,0.8577,ACH-000451,Drug_413
0.943,0.943,ACH-000451,Drug_564
0.8069,0.8069,ACH-000451,Drug_870
0.6914,0.6914,ACH-000451,Drug_1520
0.9731,0.9731,ACH-000451,Drug_643
0.9248,0.9248,ACH-000451,Drug_883
0.7232,0.7232,ACH-000451,Drug_614
0.8492,0.8492,ACH-000451,Drug_435
0.9136,0.9136,ACH-000451,Drug_1507
0.8549,0.8549,ACH-000451,Drug_665
0.8085,0.8085,ACH-000451,Drug_1005
0.8132,0.8132,ACH-000451,Drug_1040
0.7743,0.7743,ACH-000456,Drug_749
0.9071,0.9071,ACH-000456,Drug_1326
0.4995,0.4995,ACH-000456,Drug_490
0.7803,0.7803,ACH-000456,Drug_558
0.5626,0.5626,ACH-000456,Drug_895
0.5938,0.5938,ACH-000456,Drug_195
0.6847,0.6847,ACH-000456,Drug_1087
0.947,0.947,ACH-000456,Drug_768
0.2644,0.2644,ACH-000456,Drug_1127
0.7929,0.7929,ACH-000456,Drug_685
0.8113,0.8113,ACH-000456,Drug_413
0.8071,0.8071,ACH-000456,Drug_564
0.74,0.74,ACH-000456,Drug_870
0.7845,0.7845,ACH-000456,Drug_1520
0.8533,0.8533,ACH-000456,Drug_643
0.9414,0.9414,ACH-000456,Drug_883
0.662,0.662,ACH-000456,Drug_614
0.8925,0.8925,ACH-000456,Drug_435
0.9434,0.9434,ACH-000456,Drug_1507
0.8493,0.8493,ACH-000456,Drug_665
0.8245,0.8245,ACH-000456,Drug_1005
0.9176,0.9176,ACH-000456,Drug_1040
0.9277,0.9277,ACH-000463,Drug_1326
0.5148,0.5148,ACH-000463,Drug_490
0.9803,0.9803,ACH-000463,Drug_558
0.5961,0.5961,ACH-000463,Drug_195
0.9344,0.9344,ACH-000463,Drug_1279
0.8211,0.8211,ACH-000463,Drug_1087
0.4413,0.4413,ACH-000463,Drug_1127
0.8359,0.8359,ACH-000463,Drug_685
0.9576,0.9576,ACH-000463,Drug_564
0.8026,0.8026,ACH-000463,Drug_870
0.7986,0.7986,ACH-000463,Drug_1520
0.9812,0.9812,ACH-000463,Drug_883
0.4911,0.4911,ACH-000463,Drug_614
0.9379,0.9379,ACH-000463,Drug_802
0.982,0.982,ACH-000463,Drug_435
0.8649,0.8649,ACH-000463,Drug_665
0.9259,0.9259,ACH-000463,Drug_1005
0.8816,0.8816,ACH-000463,Drug_1040
0.8656,0.8656,ACH-000464,Drug_749
0.8965,0.8965,ACH-000464,Drug_1326
0.5371,0.5371,ACH-000464,Drug_490
0.855,0.855,ACH-000464,Drug_558
0.6517,0.6517,ACH-000464,Drug_895
0.96,0.96,ACH-000464,Drug_1279
0.8195,0.8195,ACH-000464,Drug_1087
0.9183,0.9183,ACH-000464,Drug_768
0.5381,0.5381,ACH-000464,Drug_1127
0.8371,0.8371,ACH-000464,Drug_413
0.9651,0.9651,ACH-000464,Drug_564
0.8395,0.8395,ACH-000464,Drug_870
0.7623,0.7623,ACH-000464,Drug_1520
0.8976,0.8976,ACH-000464,Drug_643
0.85,0.85,ACH-000464,Drug_883
0.6991,0.6991,ACH-000464,Drug_614
0.9947,0.9947,ACH-000464,Drug_802
0.9684,0.9684,ACH-000464,Drug_435
0.9835,0.9835,ACH-000464,Drug_1507
0.8757,0.8757,ACH-000464,Drug_665
0.8216,0.8216,ACH-000464,Drug_1005
0.9712,0.9712,ACH-000464,Drug_1040
0.774,0.774,ACH-000468,Drug_749
0.816,0.816,ACH-000468,Drug_1326
0.7062,0.7062,ACH-000468,Drug_895
0.9122,0.9122,ACH-000468,Drug_195
0.952,0.952,ACH-000468,Drug_1279
0.4837,0.4837,ACH-000468,Drug_1087
0.9264,0.9264,ACH-000468,Drug_768
0.5815,0.5815,ACH-000468,Drug_685
0.949,0.949,ACH-000468,Drug_413
0.9328,0.9328,ACH-000468,Drug_564
0.7424,0.7424,ACH-000468,Drug_870
0.7488,0.7488,ACH-000468,Drug_1520
0.8078,0.8078,ACH-000468,Drug_643
0.9444,0.9444,ACH-000468,Drug_883
0.5583,0.5583,ACH-000468,Drug_614
0.9612,0.9612,ACH-000468,Drug_802
0.8271,0.8271,ACH-000468,Drug_435
0.9709,0.9709,ACH-000468,Drug_1507
0.8824,0.8824,ACH-000468,Drug_1005
0.9906,0.9906,ACH-000468,Drug_1040
0.9596,0.9596,ACH-000472,Drug_749
0.8278,0.8278,ACH-000472,Drug_1326
0.7705,0.7705,ACH-000472,Drug_558
0.5775,0.5775,ACH-000472,Drug_895
0.5518,0.5518,ACH-000472,Drug_195
0.9544,0.9544,ACH-000472,Drug_1279
0.9581,0.9581,ACH-000472,Drug_1087
0.9982,0.9982,ACH-000472,Drug_768
0.5202,0.5202,ACH-000472,Drug_1127
0.9663,0.9663,ACH-000472,Drug_685
0.984,0.984,ACH-000472,Drug_564
0.8455,0.8455,ACH-000472,Drug_870
0.9235,0.9235,ACH-000472,Drug_1520
0.9117,0.9117,ACH-000472,Drug_643
0.8876,0.8876,ACH-000472,Drug_883
0.8459,0.8459,ACH-000472,Drug_802
0.9081,0.9081,ACH-000472,Drug_435
0.8268,0.8268,ACH-000472,Drug_1507
0.8578,0.8578,ACH-000472,Drug_665
0.9823,0.9823,ACH-000472,Drug_1005
0.6709,0.6709,ACH-000473,Drug_749
0.7517,0.7517,ACH-000473,Drug_1326
0.4362,0.4362,ACH-000473,Drug_490
0.8044,0.8044,ACH-000473,Drug_558
0.5046,0.5046,ACH-000473,Drug_195
0.9108,0.9108,ACH-000473,Drug_1279
0.5896,0.5896,ACH-000473,Drug_1087
0.2776,0.2776,ACH-000473,Drug_1127
0.8325,0.8325,ACH-000473,Drug_413
0.8204,0.8204,ACH-000473,Drug_870
0.6723,0.6723,ACH-000473,Drug_643
0.9284,0.9284,ACH-000473,Drug_883
0.522,0.522,ACH-000473,Drug_614
0.8904,0.8904,ACH-000473,Drug_802
0.7968,0.7968,ACH-000473,Drug_435
0.8944,0.8944,ACH-000473,Drug_1507
0.8197,0.8197,ACH-000473,Drug_665
0.7792,0.7792,ACH-000473,Drug_1005
0.9815,0.9815,ACH-000473,Drug_1040
0.7153,0.7153,ACH-000475,Drug_749
0.4628,0.4628,ACH-000475,Drug_490
0.8223,0.8223,ACH-000475,Drug_558
0.5849,0.5849,ACH-000475,Drug_895
0.6043,0.6043,ACH-000475,Drug_195
0.8161,0.8161,ACH-000475,Drug_1087
0.8547,0.8547,ACH-000475,Drug_768
0.398,0.398,ACH-000475,Drug_1127
0.8681,0.8681,ACH-000475,Drug_685
0.8194,0.8194,ACH-000475,Drug_413
0.9616,0.9616,ACH-000475,Drug_564
0.7227,0.7227,ACH-000475,Drug_870
0.7336,0.7336,ACH-000475,Drug_1520
0.7558,0.7558,ACH-000475,Drug_643
0.9225,0.9225,ACH-000475,Drug_883
0.4647,0.4647,ACH-000475,Drug_614
0.8412,0.8412,ACH-000475,Drug_802
0.8717,0.8717,ACH-000475,Drug_435
0.9176,0.9176,ACH-000475,Drug_1507
0.8504,0.8504,ACH-000475,Drug_665
0.8528,0.8528,ACH-000475,Drug_1005
0.9703,0.9703,ACH-000475,Drug_1040
0.7454,0.7454,ACH-000476,Drug_1326
0.8245,0.8245,ACH-000476,Drug_558
0.5861,0.5861,ACH-000476,Drug_895
0.5223,0.5223,ACH-000476,Drug_195
0.9638,0.9638,ACH-000476,Drug_768
0.5265,0.5265,ACH-000476,Drug_1127
0.8725,0.8725,ACH-000476,Drug_685
0.8918,0.8918,ACH-000476,Drug_413
0.8623,0.8623,ACH-000476,Drug_564
0.9237,0.9237,ACH-000476,Drug_1520
0.8486,0.8486,ACH-000476,Drug_643
0.8899,0.8899,ACH-000476,Drug_883
0.8668,0.8668,ACH-000476,Drug_614
0.8509,0.8509,ACH-000476,Drug_802
0.8625,0.8625,ACH-000476,Drug_435
0.845,0.845,ACH-000476,Drug_665
0.8796,0.8796,ACH-000476,Drug_1005
1.0,1.0,ACH-000476,Drug_1040
0.7278,0.7278,ACH-000477,Drug_749
0.8021,0.8021,ACH-000477,Drug_1326
0.4536,0.4536,ACH-000477,Drug_490
0.8129,0.8129,ACH-000477,Drug_558
0.6877,0.6877,ACH-000477,Drug_895
0.7577,0.7577,ACH-000477,Drug_195
0.8401,0.8401,ACH-000477,Drug_1279
0.2919,0.2919,ACH-000477,Drug_1087
0.8858,0.8858,ACH-000477,Drug_768
0.5923,0.5923,ACH-000477,Drug_1127
0.445,0.445,ACH-000477,Drug_685
0.8122,0.8122,ACH-000477,Drug_413
0.59,0.59,ACH-000477,Drug_564
0.8193,0.8193,ACH-000477,Drug_1520
0.7837,0.7837,ACH-000477,Drug_643
0.587,0.587,ACH-000477,Drug_614
0.9552,0.9552,ACH-000477,Drug_802
0.819,0.819,ACH-000477,Drug_435
0.9204,0.9204,ACH-000477,Drug_1507
0.8692,0.8692,ACH-000477,Drug_1005
0.9727,0.9727,ACH-000477,Drug_1040
0.896,0.896,ACH-000478,Drug_749
0.9487,0.9487,ACH-000478,Drug_1326
0.5619,0.5619,ACH-000478,Drug_490
0.9458,0.9458,ACH-000478,Drug_558
0.9369,0.9369,ACH-000478,Drug_1279
0.5035,0.5035,ACH-000478,Drug_1127
0.923,0.923,ACH-000478,Drug_685
0.9111,0.9111,ACH-000478,Drug_564
0.8951,0.8951,ACH-000478,Drug_1520
0.9823,0.9823,ACH-000478,Drug_643
0.953,0.953,ACH-000478,Drug_883
0.6185,0.6185,ACH-000478,Drug_614
0.93,0.93,ACH-000478,Drug_1507
0.9327,0.9327,ACH-000478,Drug_665
0.9847,0.9847,ACH-000478,Drug_1040
0.7838,0.7838,ACH-000479,Drug_749
0.8165,0.8165,ACH-000479,Drug_1326
0.8361,0.8361,ACH-000479,Drug_558
0.6559,0.6559,ACH-000479,Drug_895
0.6669,0.6669,ACH-000479,Drug_195
0.9534,0.9534,ACH-000479,Drug_1279
0.8207,0.8207,ACH-000479,Drug_1087
0.8398,0.8398,ACH-000479,Drug_768
0.5234,0.5234,ACH-000479,Drug_1127
0.8874,0.8874,ACH-000479,Drug_685
0.9766,0.9766,ACH-000479,Drug_564
0.7612,0.7612,ACH-000479,Drug_870
0.7358,0.7358,ACH-000479,Drug_1520
0.842,0.842,ACH-000479,Drug_643
0.8434,0.8434,ACH-000479,Drug_883
0.7493,0.7493,ACH-000479,Drug_614
0.9184,0.9184,ACH-000479,Drug_435
0.8472,0.8472,ACH-000479,Drug_1507
0.9226,0.9226,ACH-000479,Drug_665
0.826,0.826,ACH-000479,Drug_1005
0.827,0.827,ACH-000481,Drug_749
0.7312,0.7312,ACH-000481,Drug_1326
0.4587,0.4587,ACH-000481,Drug_490
0.4872,0.4872,ACH-000481,Drug_195
0.9666,0.9666,ACH-000481,Drug_1279
0.8254,0.8254,ACH-000481,Drug_768
0.2833,0.2833,ACH-000481,Drug_1127
0.967,0.967,ACH-000481,Drug_685
0.83,0.83,ACH-000481,Drug_413
0.7745,0.7745,ACH-000481,Drug_870
0.7646,0.7646,ACH-000481,Drug_1520
0.9175,0.9175,ACH-000481,Drug_802
0.9534,0.9534,ACH-000481,Drug_1507
0.7298,0.7298,ACH-000481,Drug_665
0.8454,0.8454,ACH-000481,Drug_1005
0.8186,0.8186,ACH-000483,Drug_749
0.8799,0.8799,ACH-000483,Drug_1326
0.4714,0.4714,ACH-000483,Drug_490
0.9916,0.9916,ACH-000483,Drug_558
0.7761,0.7761,ACH-000483,Drug_195
0.9923,0.9923,ACH-000483,Drug_1279
0.7928,0.7928,ACH-000483,Drug_685
0.9577,0.9577,ACH-000483,Drug_413
0.9552,0.9552,ACH-000483,Drug_564
0.8192,0.8192,ACH-000483,Drug_870
0.8655,0.8655,ACH-000483,Drug_1520
0.9408,0.9408,ACH-000483,Drug_643
0.7798,0.7798,ACH-000483,Drug_614
0.8124,0.8124,ACH-000483,Drug_802
0.9685,0.9685,ACH-000483,Drug_435
0.9243,0.9243,ACH-000483,Drug_1507
0.8065,0.8065,ACH-000483,Drug_665
0.9279,0.9279,ACH-000483,Drug_1005
0.9902,0.9902,ACH-000483,Drug_1040
0.6571,0.6571,ACH-000484,Drug_749
0.7113,0.7113,ACH-000484,Drug_1326
0.3438,0.3438,ACH-000484,Drug_490
0.593,0.593,ACH-000484,Drug_895
0.9795,0.9795,ACH-000484,Drug_768
0.8589,0.8589,ACH-000484,Drug_1127
0.985,0.985,ACH-000484,Drug_685
0.7977,0.7977,ACH-000484,Drug_413
0.9379,0.9379,ACH-000484,Drug_564
0.9251,0.9251,ACH-000484,Drug_870
0.7531,0.7531,ACH-000484,Drug_1520
0.8016,0.8016,ACH-000484,Drug_643
0.8361,0.8361,ACH-000484,Drug_883
0.9235,0.9235,ACH-000484,Drug_614
0.8247,0.8247,ACH-000484,Drug_802
0.9655,0.9655,ACH-000484,Drug_1507
0.7527,0.7527,ACH-000484,Drug_665
0.7193,0.7193,ACH-000484,Drug_1005
0.8446,0.8446,ACH-000484,Drug_1040
0.791,0.791,ACH-000487,Drug_1326
0.3022,0.3022,ACH-000487,Drug_490
0.7959,0.7959,ACH-000487,Drug_558
0.6285,0.6285,ACH-000487,Drug_895
0.7657,0.7657,ACH-000487,Drug_195
0.8159,0.8159,ACH-000487,Drug_1279
0.5528,0.5528,ACH-000487,Drug_1087
0.2338,0.2338,ACH-000487,Drug_1127
0.6362,0.6362,ACH-000487,Drug_685
0.8343,0.8343,ACH-000487,Drug_564
0.633,0.633,ACH-000487,Drug_1520
0.823,0.823,ACH-000487,Drug_883
0.6187,0.6187,ACH-000487,Drug_614
0.8246,0.8246,ACH-000487,Drug_802
0.9355,0.9355,ACH-000487,Drug_1507
0.9798,0.9798,ACH-000487,Drug_665
0.7665,0.7665,ACH-000487,Drug_1005
0.7224,0.7224,ACH-000487,Drug_1040
0.7118,0.7118,ACH-000488,Drug_749
0.5423,0.5423,ACH-000488,Drug_490
0.4404,0.4404,ACH-000488,Drug_195
0.8219,0.8219,ACH-000488,Drug_1279
0.7234,0.7234,ACH-000488,Drug_1087
0.1333,0.1333,ACH-000488,Drug_1127
0.8776,0.8776,ACH-000488,Drug_685
0.7379,0.7379,ACH-000488,Drug_1520
0.7301,0.7301,ACH-000488,Drug_643
0.6762,0.6762,ACH-000488,Drug_883
0.8755,0.8755,ACH-000488,Drug_802
0.8218,0.8218,ACH-000488,Drug_1507
0.8084,0.8084,ACH-000488,Drug_1005
0.8982,0.8982,ACH-000493,Drug_749
0.9864,0.9864,ACH-000493,Drug_558
0.8019,0.8019,ACH-000493,Drug_195
0.8697,0.8697,ACH-000493,Drug_1279
0.8322,0.8322,ACH-000493,Drug_1087
0.8864,0.8864,ACH-000493,Drug_768
0.3945,0.3945,ACH-000493,Drug_1127
0.9418,0.9418,ACH-000493,Drug_685
0.9181,0.9181,ACH-000493,Drug_413
0.9833,0.9833,ACH-000493,Drug_564
0.8041,0.8041,ACH-000493,Drug_870
0.8672,0.8672,ACH-000493,Drug_1520
0.9212,0.9212,ACH-000493,Drug_643
0.9425,0.9425,ACH-000493,Drug_883
0.6805,0.6805,ACH-000493,Drug_614
0.8396,0.8396,ACH-000493,Drug_802
0.9493,0.9493,ACH-000493,Drug_665
0.9361,0.9361,ACH-000493,Drug_1005
0.8816,0.8816,ACH-000493,Drug_1040
0.7789,0.7789,ACH-000496,Drug_749
0.9334,0.9334,ACH-000496,Drug_1326
0.7637,0.7637,ACH-000496,Drug_195
0.9302,0.9302,ACH-000496,Drug_1279
0.3594,0.3594,ACH-000496,Drug_1127
0.8297,0.8297,ACH-000496,Drug_685
0.8216,0.8216,ACH-000496,Drug_564
0.7579,0.7579,ACH-000496,Drug_870
0.7447,0.7447,ACH-000496,Drug_1520
0.938,0.938,ACH-000496,Drug_883
0.5065,0.5065,ACH-000496,Drug_614
0.9051,0.9051,ACH-000496,Drug_435
0.9311,0.9311,ACH-000496,Drug_1507
0.9239,0.9239,ACH-000496,Drug_665
0.9944,0.9944,ACH-000496,Drug_1040
0.8166,0.8166,ACH-000498,Drug_749
0.9381,0.9381,ACH-000498,Drug_1326
0.3668,0.3668,ACH-000498,Drug_490
0.5348,0.5348,ACH-000498,Drug_895
0.4794,0.4794,ACH-000498,Drug_195
0.4243,0.4243,ACH-000498,Drug_1087
0.772,0.772,ACH-000498,Drug_768
0.3853,0.3853,ACH-000498,Drug_1127
0.8625,0.8625,ACH-000498,Drug_413
0.8459,0.8459,ACH-000498,Drug_564
0.6239,0.6239,ACH-000498,Drug_870
0.7766,0.7766,ACH-000498,Drug_1520
0.6829,0.6829,ACH-000498,Drug_643
0.8754,0.8754,ACH-000498,Drug_883
0.9888,0.9888,ACH-000498,Drug_435
0.9568,0.9568,ACH-000498,Drug_1507
1.0,1.0,ACH-000498,Drug_665
0.7603,0.7603,ACH-000498,Drug_1040
0.8292,0.8292,ACH-000501,Drug_1326
0.7707,0.7707,ACH-000501,Drug_195
0.9229,0.9229,ACH-000501,Drug_1279
0.7913,0.7913,ACH-000501,Drug_1087
0.9416,0.9416,ACH-000501,Drug_768
0.7997,0.7997,ACH-000501,Drug_685
0.9485,0.9485,ACH-000501,Drug_564
0.9601,0.9601,ACH-000501,Drug_643
0.9141,0.9141,ACH-000501,Drug_883
0.8571,0.8571,ACH-000501,Drug_802
0.8276,0.8276,ACH-000501,Drug_435
0.866,0.866,ACH-000501,Drug_1507
0.8314,0.8314,ACH-000501,Drug_665
0.8268,0.8268,ACH-000501,Drug_1005
0.855,0.855,ACH-000501,Drug_1040
0.8598,0.8598,ACH-000505,Drug_749
0.8507,0.8507,ACH-000505,Drug_1326
0.5357,0.5357,ACH-000505,Drug_490
0.8351,0.8351,ACH-000505,Drug_558
0.5929,0.5929,ACH-000505,Drug_895
0.5945,0.5945,ACH-000505,Drug_195
0.9351,0.9351,ACH-000505,Drug_1279
0.6129,0.6129,ACH-000505,Drug_1087
0.8247,0.8247,ACH-000505,Drug_768
0.698,0.698,ACH-000505,Drug_685
0.8511,0.8511,ACH-000505,Drug_413
0.9341,0.9341,ACH-000505,Drug_564
0.7884,0.7884,ACH-000505,Drug_870
0.829,0.829,ACH-000505,Drug_1520
0.9003,0.9003,ACH-000505,Drug_643
0.956,0.956,ACH-000505,Drug_883
0.688,0.688,ACH-000505,Drug_614
0.9298,0.9298,ACH-000505,Drug_802
0.9461,0.9461,ACH-000505,Drug_435
0.8158,0.8158,ACH-000505,Drug_1507
0.9072,0.9072,ACH-000505,Drug_1005
0.7349,0.7349,ACH-000509,Drug_1326
0.3487,0.3487,ACH-000509,Drug_490
0.5588,0.5588,ACH-000509,Drug_195
0.7408,0.7408,ACH-000509,Drug_1279
0.4387,0.4387,ACH-000509,Drug_1087
0.3033,0.3033,ACH-000509,Drug_1127
0.5186,0.5186,ACH-000509,Drug_685
0.7572,0.7572,ACH-000509,Drug_413
0.7208,0.7208,ACH-000509,Drug_870
0.7546,0.7546,ACH-000509,Drug_1520
0.7863,0.7863,ACH-000509,Drug_643
0.9421,0.9421,ACH-000509,Drug_883
0.593,0.593,ACH-000509,Drug_614
0.7674,0.7674,ACH-000509,Drug_802
0.8712,0.8712,ACH-000509,Drug_1507
0.8171,0.8171,ACH-000509,Drug_665
0.5283,0.5283,ACH-000511,Drug_490
0.8569,0.8569,ACH-000511,Drug_558
0.7043,0.7043,ACH-000511,Drug_895
0.685,0.685,ACH-000511,Drug_195
0.9732,0.9732,ACH-000511,Drug_1279
0.8553,0.8553,ACH-000511,Drug_768
0.5166,0.5166,ACH-000511,Drug_1127
0.7768,0.7768,ACH-000511,Drug_685
0.9367,0.9367,ACH-000511,Drug_413
0.7535,0.7535,ACH-000511,Drug_870
0.8008,0.8008,ACH-000511,Drug_1520
0.8737,0.8737,ACH-000511,Drug_643
0.8994,0.8994,ACH-000511,Drug_883
0.6122,0.6122,ACH-000511,Drug_614
0.9496,0.9496,ACH-000511,Drug_802
0.8353,0.8353,ACH-000511,Drug_435
0.9253,0.9253,ACH-000511,Drug_1507
0.903,0.903,ACH-000511,Drug_665
0.8486,0.8486,ACH-000511,Drug_1005
0.8621,0.8621,ACH-000511,Drug_1040
0.8204,0.8204,ACH-000514,Drug_749
0.4837,0.4837,ACH-000514,Drug_490
0.9919,0.9919,ACH-000514,Drug_558
0.5219,0.5219,ACH-000514,Drug_895
0.9916,0.9916,ACH-000514,Drug_1279
0.9539,0.9539,ACH-000514,Drug_768
0.9313,0.9313,ACH-000514,Drug_685
0.9414,0.9414,ACH-000514,Drug_413
0.8018,0.8018,ACH-000514,Drug_870
0.9523,0.9523,ACH-000514,Drug_1520
0.8231,0.8231,ACH-000514,Drug_643
0.9794,0.9794,ACH-000514,Drug_883
0.8392,0.8392,ACH-000514,Drug_614
0.955,0.955,ACH-000514,Drug_802
0.9408,0.9408,ACH-000514,Drug_435
0.9421,0.9421,ACH-000514,Drug_1507
0.8257,0.8257,ACH-000514,Drug_1005
0.9845,0.9845,ACH-000514,Drug_1040
0.796,0.796,ACH-000521,Drug_749
0.7556,0.7556,ACH-000521,Drug_1326
0.5425,0.5425,ACH-000521,Drug_490
0.8541,0.8541,ACH-000521,Drug_558
0.63,0.63,ACH-000521,Drug_895
0.8927,0.8927,ACH-000521,Drug_1279
0.7064,0.7064,ACH-000521,Drug_1087
0.8624,0.8624,ACH-000521,Drug_768
0.4222,0.4222,ACH-000521,Drug_1127
0.8191,0.8191,ACH-000521,Drug_685
0.8284,0.8284,ACH-000521,Drug_413
0.839,0.839,ACH-000521,Drug_564
0.6915,0.6915,ACH-000521,Drug_870
0.8017,0.8017,ACH-000521,Drug_1520
0.8009,0.8009,ACH-000521,Drug_643
0.4495,0.4495,ACH-000521,Drug_614
0.8906,0.8906,ACH-000521,Drug_802
0.76,0.76,ACH-000521,Drug_435
0.9701,0.9701,ACH-000521,Drug_1507
0.7441,0.7441,ACH-000521,Drug_665
0.8219,0.8219,ACH-000521,Drug_1005
0.9795,0.9795,ACH-000521,Drug_1040
0.9802,0.9802,ACH-000522,Drug_749
0.8619,0.8619,ACH-000522,Drug_1326
0.9585,0.9585,ACH-000522,Drug_558
0.6464,0.6464,ACH-000522,Drug_895
0.6517,0.6517,ACH-000522,Drug_195
0.8856,0.8856,ACH-000522,Drug_1279
0.8568,0.8568,ACH-000522,Drug_1087
0.8276,0.8276,ACH-000522,Drug_768
0.3846,0.3846,ACH-000522,Drug_1127
0.9029,0.9029,ACH-000522,Drug_685
0.9468,0.9468,ACH-000522,Drug_413
0.9504,0.9504,ACH-000522,Drug_564
0.9205,0.9205,ACH-000522,Drug_870
0.9007,0.9007,ACH-000522,Drug_643
1.0,1.0,ACH-000522,Drug_883
0.5942,0.5942,ACH-000522,Drug_614
0.963,0.963,ACH-000522,Drug_802
0.9905,0.9905,ACH-000522,Drug_435
0.9516,0.9516,ACH-000522,Drug_1507
0.9606,0.9606,ACH-000522,Drug_1005
1.0,1.0,ACH-000522,Drug_1040
0.7173,0.7173,ACH-000530,Drug_749
0.4769,0.4769,ACH-000530,Drug_490
0.8751,0.8751,ACH-000530,Drug_558
0.5817,0.5817,ACH-000530,Drug_195
0.8712,0.8712,ACH-000530,Drug_1279
0.857,0.857,ACH-000530,Drug_768
0.3903,0.3903,ACH-000530,Drug_1127
0.7931,0.7931,ACH-000530,Drug_413
1.0,1.0,ACH-000530,Drug_564
0.7342,0.7342,ACH-000530,Drug_1520
0.7992,0.7992,ACH-000530,Drug_643
0.9603,0.9603,ACH-000530,Drug_883
0.8223,0.8223,ACH-000530,Drug_802
0.9488,0.9488,ACH-000530,Drug_1507
0.8689,0.8689,ACH-000530,Drug_665
0.8061,0.8061,ACH-000530,Drug_1040
0.8607,0.8607,ACH-000535,Drug_749
0.7825,0.7825,ACH-000535,Drug_1326
0.5014,0.5014,ACH-000535,Drug_490
0.9575,0.9575,ACH-000535,Drug_558
0.6746,0.6746,ACH-000535,Drug_1279
0.6441,0.6441,ACH-000535,Drug_1087
0.7125,0.7125,ACH-000535,Drug_685
0.8321,0.8321,ACH-000535,Drug_564
0.7987,0.7987,ACH-000535,Drug_643
0.8462,0.8462,ACH-000535,Drug_883
0.581,0.581,ACH-000535,Drug_614
0.8497,0.8497,ACH-000535,Drug_802
0.8971,0.8971,ACH-000535,Drug_1507
0.819,0.819,ACH-000535,Drug_665
0.823,0.823,ACH-000536,Drug_749
0.8368,0.8368,ACH-000536,Drug_1326
0.457,0.457,ACH-000536,Drug_490
0.8686,0.8686,ACH-000536,Drug_558
0.6713,0.6713,ACH-000536,Drug_895
0.6883,0.6883,ACH-000536,Drug_195
0.8851,0.8851,ACH-000536,Drug_1279
0.9317,0.9317,ACH-000536,Drug_1087
0.975,0.975,ACH-000536,Drug_768
0.375,0.375,ACH-000536,Drug_1127
0.9719,0.9719,ACH-000536,Drug_685
0.9869,0.9869,ACH-000536,Drug_564
0.8505,0.8505,ACH-000536,Drug_870
0.8118,0.8118,ACH-000536,Drug_1520
0.9822,0.9822,ACH-000536,Drug_643
0.7964,0.7964,ACH-000536,Drug_883
0.7849,0.7849,ACH-000536,Drug_614
0.8465,0.8465,ACH-000536,Drug_802
0.9618,0.9618,ACH-000536,Drug_1507
0.8508,0.8508,ACH-000536,Drug_665
0.9284,0.9284,ACH-000536,Drug_1005
0.6261,0.6261,ACH-000541,Drug_749
0.8942,0.8942,ACH-000541,Drug_1326
0.373,0.373,ACH-000541,Drug_490
0.7723,0.7723,ACH-000541,Drug_558
0.4705,0.4705,ACH-000541,Drug_895
0.9694,0.9694,ACH-000541,Drug_1279
0.8578,0.8578,ACH-000541,Drug_1087
0.7611,0.7611,ACH-000541,Drug_768
0.2737,0.2737,ACH-000541,Drug_1127
0.7549,0.7549,ACH-000541,Drug_413
0.784,0.784,ACH-000541,Drug_870
0.5884,0.5884,ACH-000541,Drug_1520
0.7912,0.7912,ACH-000541,Drug_643
0.8434,0.8434,ACH-000541,Drug_883
0.5835,0.5835,ACH-000541,Drug_614
0.9063,0.9063,ACH-000541,Drug_802
0.7732,0.7732,ACH-000541,Drug_435
0.9973,0.9973,ACH-000541,Drug_1507
0.9693,0.9693,ACH-000541,Drug_665
0.7737,0.7737,ACH-000541,Drug_1005
0.6753,0.6753,ACH-000541,Drug_1040
0.8417,0.8417,ACH-000542,Drug_749
0.4703,0.4703,ACH-000542,Drug_490
0.8437,0.8437,ACH-000542,Drug_558
0.5683,0.5683,ACH-000542,Drug_895
0.9658,0.9658,ACH-000542,Drug_1279
0.8629,0.8629,ACH-000542,Drug_768
0.7764,0.7764,ACH-000542,Drug_685
0.8742,0.8742,ACH-000542,Drug_413
0.5603,0.5603,ACH-000542,Drug_614
0.9916,0.9916,ACH-000542,Drug_802
0.9472,0.9472,ACH-000542,Drug_435
0.8292,0.8292,ACH-000542,Drug_1507
0.8307,0.8307,ACH-000542,Drug_665
0.9589,0.9589,ACH-000542,Drug_1040
0.7466,0.7466,ACH-000544,Drug_749
0.7055,0.7055,ACH-000544,Drug_1326
0.4714,0.4714,ACH-000544,Drug_490
0.8268,0.8268,ACH-000544,Drug_558
0.6231,0.6231,ACH-000544,Drug_895
0.6158,0.6158,ACH-000544,Drug_195
0.6899,0.6899,ACH-000544,Drug_1279
0.6567,0.6567,ACH-000544,Drug_1087
0.7708,0.7708,ACH-000544,Drug_768
0.8047,0.8047,ACH-000544,Drug_685
0.7998,0.7998,ACH-000544,Drug_413
0.913,0.913,ACH-000544,Drug_564
0.6839,0.6839,ACH-000544,Drug_870
0.7481,0.7481,ACH-000544,Drug_1520
0.7697,0.7697,ACH-000544,Drug_643
0.6404,0.6404,ACH-000544,Drug_883
0.6025,0.6025,ACH-000544,Drug_614
0.7481,0.7481,ACH-000544,Drug_665
0.7371,0.7371,ACH-000547,Drug_749
0.7343,0.7343,ACH-000547,Drug_895
0.926,0.926,ACH-000547,Drug_1279
0.7308,0.7308,ACH-000547,Drug_1087
0.9961,0.9961,ACH-000547,Drug_768
0.8655,0.8655,ACH-000547,Drug_413
0.9555,0.9555,ACH-000547,Drug_564
0.933,0.933,ACH-000547,Drug_883
0.7554,0.7554,ACH-000547,Drug_614
0.9936,0.9936,ACH-000547,Drug_802
0.8317,0.8317,ACH-000547,Drug_435
0.8973,0.8973,ACH-000547,Drug_665
0.8292,0.8292,ACH-000547,Drug_1005
0.8187,0.8187,ACH-000550,Drug_749
0.7789,0.7789,ACH-000550,Drug_1326
0.5362,0.5362,ACH-000550,Drug_490
0.6179,0.6179,ACH-000550,Drug_895
0.6632,0.6632,ACH-000550,Drug_195
0.8009,0.8009,ACH-000550,Drug_1279
0.8161,0.8161,ACH-000550,Drug_1087
0.9161,0.9161,ACH-000550,Drug_768
0.3386,0.3386,ACH-000550,Drug_1127
0.9251,0.9251,ACH-000550,Drug_413
0.9207,0.9207,ACH-000550,Drug_564
0.7966,0.7966,ACH-000550,Drug_870
0.9181,0.9181,ACH-000550,Drug_883
0.6785,0.6785,ACH-000550,Drug_614
0.9428,0.9428,ACH-000550,Drug_435
0.8401,0.8401,ACH-000550,Drug_1507
0.8022,0.8022,ACH-000550,Drug_665
0.8094,0.8094,ACH-000550,Drug_1005
0.8305,0.8305,ACH-000550,Drug_1040
0.8325,0.8325,ACH-000558,Drug_1326
0.8292,0.8292,ACH-000558,Drug_558
0.6323,0.6323,ACH-000558,Drug_895
0.9672,0.9672,ACH-000558,Drug_1279
0.8401,0.8401,ACH-000558,Drug_1087
0.8736,0.8736,ACH-000558,Drug_768
0.4969,0.4969,ACH-000558,Drug_1127
0.9907,0.9907,ACH-000558,Drug_413
0.958,0.958,ACH-000558,Drug_564
0.7805,0.7805,ACH-000558,Drug_870
0.731,0.731,ACH-000558,Drug_1520
0.7641,0.7641,ACH-000558,Drug_643
0.9188,0.9188,ACH-000558,Drug_883
0.6748,0.6748,ACH-000558,Drug_614
0.9853,0.9853,ACH-000558,Drug_802
0.9772,0.9772,ACH-000558,Drug_435
0.8789,0.8789,ACH-000558,Drug_1507
0.9427,0.9427,ACH-000558,Drug_665
0.8572,0.8572,ACH-000558,Drug_1005
0.5072,0.5072,ACH-000562,Drug_490
1.0,1.0,ACH-000562,Drug_558
0.5711,0.5711,ACH-000562,Drug_195
0.8932,0.8932,ACH-000562,Drug_1087
0.887,0.887,ACH-000562,Drug_768
0.5956,0.5956,ACH-000562,Drug_1127
0.9442,0.9442,ACH-000562,Drug_685
0.9779,0.9779,ACH-000562,Drug_413
0.9675,0.9675,ACH-000562,Drug_564
0.8559,0.8559,ACH-000562,Drug_1520
0.9468,0.9468,ACH-000562,Drug_643
0.9818,0.9818,ACH-000562,Drug_883
0.8654,0.8654,ACH-000562,Drug_802
0.9605,0.9605,ACH-000562,Drug_435
0.9822,0.9822,ACH-000562,Drug_1507
0.9486,0.9486,ACH-000562,Drug_665
0.9933,0.9933,ACH-000562,Drug_1040
0.7719,0.7719,ACH-000563,Drug_749
0.7828,0.7828,ACH-000563,Drug_1326
0.4624,0.4624,ACH-000563,Drug_490
0.9235,0.9235,ACH-000563,Drug_558
0.5457,0.5457,ACH-000563,Drug_195
0.9144,0.9144,ACH-000563,Drug_1279
0.481,0.481,ACH-000563,Drug_1087
0.8304,0.8304,ACH-000563,Drug_768
0.3192,0.3192,ACH-000563,Drug_1127
0.9254,0.9254,ACH-000563,Drug_413
0.9558,0.9558,ACH-000563,Drug_564
0.8058,0.8058,ACH-000563,Drug_870
0.8129,0.8129,ACH-000563,Drug_1520
0.9465,0.9465,ACH-000563,Drug_643
0.936,0.936,ACH-000563,Drug_883
0.7599,0.7599,ACH-000563,Drug_802
0.8021,0.8021,ACH-000563,Drug_435
0.9608,0.9608,ACH-000563,Drug_1507
0.8611,0.8611,ACH-000563,Drug_665
0.9513,0.9513,ACH-000563,Drug_1040
0.8789,0.8789,ACH-000568,Drug_749
0.8641,0.8641,ACH-000568,Drug_1326
0.4798,0.4798,ACH-000568,Drug_490
0.8253,0.8253,ACH-000568,Drug_558
0.6877,0.6877,ACH-000568,Drug_895
0.7464,0.7464,ACH-000568,Drug_195
0.9124,0.9124,ACH-000568,Drug_1279
0.7888,0.7888,ACH-000568,Drug_1087
0.9061,0.9061,ACH-000568,Drug_768
0.4413,0.4413,ACH-000568,Drug_1127
0.7925,0.7925,ACH-000568,Drug_685
0.8046,0.8046,ACH-000568,Drug_413
0.9933,0.9933,ACH-000568,Drug_564
0.7845,0.7845,ACH-000568,Drug_870
0.8511,0.8511,ACH-000568,Drug_1520
0.8898,0.8898,ACH-000568,Drug_883
0.9521,0.9521,ACH-000568,Drug_802
0.7798,0.7798,ACH-000568,Drug_435
0.8045,0.8045,ACH-000568,Drug_665
0.8784,0.8784,ACH-000568,Drug_1040
0.8851,0.8851,ACH-000570,Drug_749
0.8831,0.8831,ACH-000570,Drug_1326
0.7039,0.7039,ACH-000570,Drug_895
0.7739,0.7739,ACH-000570,Drug_195
0.9264,0.9264,ACH-000570,Drug_1279
0.8026,0.8026,ACH-000570,Drug_1087
0.7999,0.7999,ACH-000570,Drug_768
0.8662,0.8662,ACH-000570,Drug_685
0.8125,0.8125,ACH-000570,Drug_413
0.925,0.925,ACH-000570,Drug_564
0.7979,0.7979,ACH-000570,Drug_1520
0.8148,0.8148,ACH-000570,Drug_643
0.9258,0.9258,ACH-000570,Drug_883
0.9118,0.9118,ACH-000570,Drug_802
0.9838,0.9838,ACH-000570,Drug_435
0.9615,0.9615,ACH-000570,Drug_1507
0.7701,0.7701,ACH-000570,Drug_665
0.8861,0.8861,ACH-000570,Drug_1005
0.7487,0.7487,ACH-000572,Drug_749
0.7815,0.7815,ACH-000572,Drug_1326
0.4177,0.4177,ACH-000572,Drug_490
0.8068,0.8068,ACH-000572,Drug_558
0.588,0.588,ACH-000572,Drug_895
0.9046,0.9046,ACH-000572,Drug_1279
0.5029,0.5029,ACH-000572,Drug_1087
0.8508,0.8508,ACH-000572,Drug_768
0.3444,0.3444,ACH-000572,Drug_1127
0.6642,0.6642,ACH-000572,Drug_685
0.8369,0.8369,ACH-000572,Drug_413
0.7188,0.7188,ACH-000572,Drug_564
0.6209,0.6209,ACH-000572,Drug_870
0.7627,0.7627,ACH-000572,Drug_1520
0.7243,0.7243,ACH-000572,Drug_643
0.8585,0.8585,ACH-000572,Drug_883
0.6221,0.6221,ACH-000572,Drug_614
0.8515,0.8515,ACH-000572,Drug_802
0.7521,0.7521,ACH-000572,Drug_435
0.8886,0.8886,ACH-000572,Drug_1507
0.8063,0.8063,ACH-000572,Drug_665
0.7949,0.7949,ACH-000572,Drug_1005
0.9086,0.9086,ACH-000572,Drug_1040
0.8131,0.8131,ACH-000573,Drug_749
0.5946,0.5946,ACH-000573,Drug_490
0.8434,0.8434,ACH-000573,Drug_558
0.6891,0.6891,ACH-000573,Drug_195
0.9729,0.9729,ACH-000573,Drug_1279
0.8749,0.8749,ACH-000573,Drug_1087
0.867,0.867,ACH-000573,Drug_768
0.4949,0.4949,ACH-000573,Drug_1127
0.9061,0.9061,ACH-000573,Drug_685
0.8317,0.8317,ACH-000573,Drug_413
0.9813,0.9813,ACH-000573,Drug_564
0.7499,0.7499,ACH-000573,Drug_870
0.7467,0.7467,ACH-000573,Drug_1520
0.8061,0.8061,ACH-000573,Drug_643
0.9088,0.9088,ACH-000573,Drug_883
0.7449,0.7449,ACH-000573,Drug_614
0.9769,0.9769,ACH-000573,Drug_802
0.8916,0.8916,ACH-000573,Drug_1507
0.9182,0.9182,ACH-000573,Drug_665
0.8158,0.8158,ACH-000573,Drug_1005
0.8624,0.8624,ACH-000573,Drug_1040
0.7672,0.7672,ACH-000574,Drug_749
0.6999,0.6999,ACH-000574,Drug_1326
0.4661,0.4661,ACH-000574,Drug_490
0.5792,0.5792,ACH-000574,Drug_895
0.7215,0.7215,ACH-000574,Drug_195
0.9165,0.9165,ACH-000574,Drug_1279
0.7034,0.7034,ACH-000574,Drug_1087
0.9875,0.9875,ACH-000574,Drug_768
0.4824,0.4824,ACH-000574,Drug_1127
0.8033,0.8033,ACH-000574,Drug_685
0.8957,0.8957,ACH-000574,Drug_413
0.7807,0.7807,ACH-000574,Drug_870
0.726,0.726,ACH-000574,Drug_1520
0.8146,0.8146,ACH-000574,Drug_643
0.8427,0.8427,ACH-000574,Drug_883
0.6437,0.6437,ACH-000574,Drug_614
0.9768,0.9768,ACH-000574,Drug_802
0.8581,0.8581,ACH-000574,Drug_435
0.9624,0.9624,ACH-000574,Drug_1507
0.7806,0.7806,ACH-000574,Drug_665
0.8172,0.8172,ACH-000574,Drug_1005
1.0,1.0,ACH-000574,Drug_1040
0.8107,0.8107,ACH-000579,Drug_1326
0.5059,0.5059,ACH-000579,Drug_490
0.9304,0.9304,ACH-000579,Drug_558
0.7166,0.7166,ACH-000579,Drug_195
0.9357,0.9357,ACH-000579,Drug_1279
0.511,0.511,ACH-000579,Drug_1087
0.611,0.611,ACH-000579,Drug_1127
0.7141,0.7141,ACH-000579,Drug_564
0.7673,0.7673,ACH-000579,Drug_870
0.9186,0.9186,ACH-000579,Drug_1520
0.9909,0.9909,ACH-000579,Drug_883
0.8447,0.8447,ACH-000579,Drug_802
0.9349,0.9349,ACH-000579,Drug_435
0.9133,0.9133,ACH-000579,Drug_1507
0.9683,0.9683,ACH-000579,Drug_665
0.85,0.85,ACH-000579,Drug_1005
0.9289,0.9289,ACH-000579,Drug_1040
0.7968,0.7968,ACH-000580,Drug_749
0.9182,0.9182,ACH-000580,Drug_1326
0.6557,0.6557,ACH-000580,Drug_490
0.9389,0.9389,ACH-000580,Drug_558
0.8936,0.8936,ACH-000580,Drug_1279
0.5765,0.5765,ACH-000580,Drug_1087
0.5926,0.5926,ACH-000580,Drug_1127
0.7052,0.7052,ACH-000580,Drug_685
0.8371,0.8371,ACH-000580,Drug_413
0.8078,0.8078,ACH-000580,Drug_870
0.845,0.845,ACH-000580,Drug_1520
0.9136,0.9136,ACH-000580,Drug_643
0.9424,0.9424,ACH-000580,Drug_883
0.954,0.954,ACH-000580,Drug_1507
0.9805,0.9805,ACH-000580,Drug_665
0.8276,0.8276,ACH-000580,Drug_1005
0.9703,0.9703,ACH-000580,Drug_1040
0.77,0.77,ACH-000582,Drug_749
0.5251,0.5251,ACH-000582,Drug_490
0.9662,0.9662,ACH-000582,Drug_558
0.6826,0.6826,ACH-000582,Drug_1087
0.7194,0.7194,ACH-000582,Drug_685
0.7545,0.7545,ACH-000582,Drug_564
0.8187,0.8187,ACH-000582,Drug_1520
0.7844,0.7844,ACH-000582,Drug_643
0.686,0.686,ACH-000582,Drug_614
0.8499,0.8499,ACH-000582,Drug_802
0.9406,0.9406,ACH-000582,Drug_435
0.9339,0.9339,ACH-000582,Drug_1507
0.95,0.95,ACH-000582,Drug_665
0.94,0.94,ACH-000582,Drug_1005
0.8902,0.8902,ACH-000582,Drug_1040
0.5017,0.5017,ACH-000587,Drug_490
0.6615,0.6615,ACH-000587,Drug_895
0.7157,0.7157,ACH-000587,Drug_195
0.9025,0.9025,ACH-000587,Drug_1279
0.7309,0.7309,ACH-000587,Drug_1087
0.8971,0.8971,ACH-000587,Drug_768
0.8886,0.8886,ACH-000587,Drug_685
0.9599,0.9599,ACH-000587,Drug_413
0.8705,0.8705,ACH-000587,Drug_564
0.7525,0.7525,ACH-000587,Drug_870
0.7484,0.7484,ACH-000587,Drug_1520
0.8276,0.8276,ACH-000587,Drug_883
0.5412,0.5412,ACH-000587,Drug_614
0.9565,0.9565,ACH-000587,Drug_802
0.8465,0.8465,ACH-000587,Drug_435
0.9556,0.9556,ACH-000587,Drug_1507
0.8217,0.8217,ACH-000587,Drug_665
0.8325,0.8325,ACH-000587,Drug_1005
0.8165,0.8165,ACH-000587,Drug_1040
0.7988,0.7988,ACH-000595,Drug_749
0.8711,0.8711,ACH-000595,Drug_1326
0.5188,0.5188,ACH-000595,Drug_490
0.7315,0.7315,ACH-000595,Drug_195
0.9533,0.9533,ACH-000595,Drug_1279
0.7413,0.7413,ACH-000595,Drug_1087
0.8732,0.8732,ACH-000595,Drug_768
0.3947,0.3947,ACH-000595,Drug_1127
0.8532,0.8532,ACH-000595,Drug_564
0.7632,0.7632,ACH-000595,Drug_870
0.7486,0.7486,ACH-000595,Drug_1520
0.8507,0.8507,ACH-000595,Drug_643
0.8529,0.8529,ACH-000595,Drug_883
0.5753,0.5753,ACH-000595,Drug_614
0.9685,0.9685,ACH-000595,Drug_802
0.8546,0.8546,ACH-000595,Drug_665
0.8132,0.8132,ACH-000595,Drug_1005
0.7386,0.7386,ACH-000599,Drug_749
0.9022,0.9022,ACH-000599,Drug_1326
0.5006,0.5006,ACH-000599,Drug_490
0.8308,0.8308,ACH-000599,Drug_558
0.7073,0.7073,ACH-000599,Drug_195
0.9028,0.9028,ACH-000599,Drug_1279
0.7221,0.7221,ACH-000599,Drug_1087
0.6659,0.6659,ACH-000599,Drug_1127
0.8099,0.8099,ACH-000599,Drug_685
0.8533,0.8533,ACH-000599,Drug_564
0.737,0.737,ACH-000599,Drug_1520
0.8277,0.8277,ACH-000599,Drug_643
0.8611,0.8611,ACH-000599,Drug_883
0.738,0.738,ACH-000599,Drug_614
0.8715,0.8715,ACH-000599,Drug_802
0.9589,0.9589,ACH-000599,Drug_1507
0.8667,0.8667,ACH-000599,Drug_665
0.938,0.938,ACH-000599,Drug_1005
0.9055,0.9055,ACH-000599,Drug_1040
0.7489,0.7489,ACH-000607,Drug_749
0.8285,0.8285,ACH-000607,Drug_1326
0.3794,0.3794,ACH-000607,Drug_490
0.6096,0.6096,ACH-000607,Drug_195
0.4205,0.4205,ACH-000607,Drug_1279
0.7653,0.7653,ACH-000607,Drug_1087
0.2713,0.2713,ACH-000607,Drug_1127
0.8845,0.8845,ACH-000607,Drug_685
0.7891,0.7891,ACH-000607,Drug_1520
0.9483,0.9483,ACH-000607,Drug_883
0.5589,0.5589,ACH-000607,Drug_614
0.9639,0.9639,ACH-000607,Drug_435
0.8298,0.8298,ACH-000607,Drug_1507
0.8973,0.8973,ACH-000607,Drug_665
0.9312,0.9312,ACH-000607,Drug_1005
0.7918,0.7918,ACH-000609,Drug_749
0.9214,0.9214,ACH-000609,Drug_1326
0.5138,0.5138,ACH-000609,Drug_490
0.8084,0.8084,ACH-000609,Drug_558
0.5296,0.5296,ACH-000609,Drug_895
0.5017,0.5017,ACH-000609,Drug_195
0.7899,0.7899,ACH-000609,Drug_1087
0.8624,0.8624,ACH-000609,Drug_768
0.4855,0.4855,ACH-000609,Drug_1127
0.9349,0.9349,ACH-000609,Drug_685
0.8825,0.8825,ACH-000609,Drug_413
0.7393,0.7393,ACH-000609,Drug_643
0.8599,0.8599,ACH-000609,Drug_883
0.6587,0.6587,ACH-000609,Drug_614
0.9954,0.9954,ACH-000609,Drug_802
0.8284,0.8284,ACH-000609,Drug_435
0.8729,0.8729,ACH-000609,Drug_1507
0.8243,0.8243,ACH-000609,Drug_665
0.8187,0.8187,ACH-000609,Drug_1005
0.8628,0.8628,ACH-000609,Drug_1040
0.7767,0.7767,ACH-000611,Drug_749
0.7919,0.7919,ACH-000611,Drug_1326
0.3569,0.3569,ACH-000611,Drug_490
0.8129,0.8129,ACH-000611,Drug_558
0.5365,0.5365,ACH-000611,Drug_895
0.5208,0.5208,ACH-000611,Drug_195
0.8446,0.8446,ACH-000611,Drug_1279
0.7985,0.7985,ACH-000611,Drug_768
0.1762,0.1762,ACH-000611,Drug_1127
0.95,0.95,ACH-000611,Drug_685
0.7761,0.7761,ACH-000611,Drug_413
0.8847,0.8847,ACH-000611,Drug_564
0.7966,0.7966,ACH-000611,Drug_870
0.7803,0.7803,ACH-000611,Drug_643
0.9386,0.9386,ACH-000611,Drug_883
0.6828,0.6828,ACH-000611,Drug_614
0.7632,0.7632,ACH-000611,Drug_802
0.7781,0.7781,ACH-000611,Drug_435
0.9771,0.9771,ACH-000611,Drug_1507
0.7133,0.7133,ACH-000611,Drug_665
0.6508,0.6508,ACH-000611,Drug_1040
0.8629,0.8629,ACH-000613,Drug_749
0.4976,0.4976,ACH-000613,Drug_490
0.9976,0.9976,ACH-000613,Drug_558
0.5789,0.5789,ACH-000613,Drug_895
0.6394,0.6394,ACH-000613,Drug_195
0.8268,0.8268,ACH-000613,Drug_1279
0.8783,0.8783,ACH-000613,Drug_1087
0.9279,0.9279,ACH-000613,Drug_768
0.3312,0.3312,ACH-000613,Drug_1127
0.9522,0.9522,ACH-000613,Drug_413
0.825,0.825,ACH-000613,Drug_870
0.8367,0.8367,ACH-000613,Drug_1520
0.8472,0.8472,ACH-000613,Drug_643
0.9609,0.9609,ACH-000613,Drug_883
0.8016,0.8016,ACH-000613,Drug_802
0.8165,0.8165,ACH-000613,Drug_435
0.9367,0.9367,ACH-000613,Drug_1507
0.8459,0.8459,ACH-000613,Drug_665
0.8397,0.8397,ACH-000613,Drug_1005
0.9484,0.9484,ACH-000613,Drug_1040
0.9576,0.9576,ACH-000614,Drug_749
0.5244,0.5244,ACH-000614,Drug_490
0.8856,0.8856,ACH-000614,Drug_558
0.7941,0.7941,ACH-000614,Drug_895
0.7693,0.7693,ACH-000614,Drug_195
0.9008,0.9008,ACH-000614,Drug_1279
0.5148,0.5148,ACH-000614,Drug_1087
0.8703,0.8703,ACH-000614,Drug_768
0.6465,0.6465,ACH-000614,Drug_685
0.7297,0.7297,ACH-000614,Drug_564
0.7637,0.7637,ACH-000614,Drug_870
0.9659,0.9659,ACH-000614,Drug_1520
0.8334,0.8334,ACH-000614,Drug_643
0.9848,0.9848,ACH-000614,Drug_883
0.5647,0.5647,ACH-000614,Drug_614
0.8847,0.8847,ACH-000614,Drug_802
0.9847,0.9847,ACH-000614,Drug_435
0.9162,0.9162,ACH-000614,Drug_1507
0.9714,0.9714,ACH-000614,Drug_665
0.9594,0.9594,ACH-000614,Drug_1040
0.7997,0.7997,ACH-000616,Drug_749
0.4514,0.4514,ACH-000616,Drug_490
0.9632,0.9632,ACH-000616,Drug_558
0.627,0.627,ACH-000616,Drug_195
0.8538,0.8538,ACH-000616,Drug_1279
0.6791,0.6791,ACH-000616,Drug_1087
0.9281,0.9281,ACH-000616,Drug_768
0.433,0.433,ACH-000616,Drug_1127
0.8235,0.8235,ACH-000616,Drug_413
0.9641,0.9641,ACH-000616,Drug_564
0.7355,0.7355,ACH-000616,Drug_870
0.8615,0.8615,ACH-000616,Drug_1520
0.8596,0.8596,ACH-000616,Drug_643
0.9161,0.9161,ACH-000616,Drug_883
0.6197,0.6197,ACH-000616,Drug_614
0.8275,0.8275,ACH-000616,Drug_1507
0.7351,0.7351,ACH-000616,Drug_665
0.6314,0.6314,ACH-000616,Drug_1005
0.9331,0.9331,ACH-000617,Drug_749
0.8871,0.8871,ACH-000617,Drug_1326
0.8038,0.8038,ACH-000617,Drug_558
0.7068,0.7068,ACH-000617,Drug_895
0.6005,0.6005,ACH-000617,Drug_195
0.6948,0.6948,ACH-000617,Drug_1279
0.9401,0.9401,ACH-000617,Drug_768
0.5035,0.5035,ACH-000617,Drug_1127
0.9741,0.9741,ACH-000617,Drug_685
0.8352,0.8352,ACH-000617,Drug_413
0.7521,0.7521,ACH-000617,Drug_870
0.7572,0.7572,ACH-000617,Drug_1520
0.836,0.836,ACH-000617,Drug_643
0.896,0.896,ACH-000617,Drug_883
0.6734,0.6734,ACH-000617,Drug_614
0.9519,0.9519,ACH-000617,Drug_802
0.8234,0.8234,ACH-000617,Drug_435
0.8896,0.8896,ACH-000617,Drug_1507
0.8486,0.8486,ACH-000617,Drug_1005
0.8434,0.8434,ACH-000617,Drug_1040
0.8238,0.8238,ACH-000621,Drug_749
0.907,0.907,ACH-000621,Drug_1326
0.5122,0.5122,ACH-000621,Drug_490
0.8261,0.8261,ACH-000621,Drug_558
0.8921,0.8921,ACH-000621,Drug_1279
0.9458,0.9458,ACH-000621,Drug_1087
0.6342,0.6342,ACH-000621,Drug_1127
0.9157,0.9157,ACH-000621,Drug_685
0.8542,0.8542,ACH-000621,Drug_413
0.9847,0.9847,ACH-000621,Drug_564
0.8025,0.8025,ACH-000621,Drug_870
0.7886,0.7886,ACH-000621,Drug_1520
0.8104,0.8104,ACH-000621,Drug_643
0.8401,0.8401,ACH-000621,Drug_883
0.9079,0.9079,ACH-000621,Drug_614
0.9911,0.9911,ACH-000621,Drug_435
0.9632,0.9632,ACH-000621,Drug_1507
0.9585,0.9585,ACH-000621,Drug_665
0.9264,0.9264,ACH-000621,Drug_1005
0.8053,0.8053,ACH-000624,Drug_749
0.7927,0.7927,ACH-000624,Drug_1326
0.482,0.482,ACH-000624,Drug_490
0.4838,0.4838,ACH-000624,Drug_195
0.8791,0.8791,ACH-000624,Drug_1279
0.9642,0.9642,ACH-000624,Drug_768
0.2874,0.2874,ACH-000624,Drug_1127
0.7801,0.7801,ACH-000624,Drug_685
0.8129,0.8129,ACH-000624,Drug_413
0.8401,0.8401,ACH-000624,Drug_564
0.7433,0.7433,ACH-000624,Drug_1520
0.8403,0.8403,ACH-000624,Drug_643
0.5268,0.5268,ACH-000624,Drug_614
0.9539,0.9539,ACH-000624,Drug_802
0.8185,0.8185,ACH-000624,Drug_435
0.8437,0.8437,ACH-000624,Drug_1507
0.8325,0.8325,ACH-000624,Drug_1040
0.8061,0.8061,ACH-000625,Drug_749
0.5026,0.5026,ACH-000625,Drug_490
0.915,0.915,ACH-000625,Drug_558
0.9061,0.9061,ACH-000625,Drug_195
0.9616,0.9616,ACH-000625,Drug_1279
0.6441,0.6441,ACH-000625,Drug_1087
0.9851,0.9851,ACH-000625,Drug_768
0.5985,0.5985,ACH-000625,Drug_1127
0.8143,0.8143,ACH-000625,Drug_685
0.9625,0.9625,ACH-000625,Drug_564
0.7717,0.7717,ACH-000625,Drug_870
0.6624,0.6624,ACH-000625,Drug_1520
0.6025,0.6025,ACH-000625,Drug_614
0.8887,0.8887,ACH-000625,Drug_802
0.9451,0.9451,ACH-000625,Drug_435
0.9538,0.9538,ACH-000625,Drug_1507
0.9649,0.9649,ACH-000625,Drug_665
0.8136,0.8136,ACH-000625,Drug_1005
0.8704,0.8704,ACH-000627,Drug_749
0.8363,0.8363,ACH-000627,Drug_1326
0.5255,0.5255,ACH-000627,Drug_490
0.9134,0.9134,ACH-000627,Drug_558
0.6947,0.6947,ACH-000627,Drug_195
0.9078,0.9078,ACH-000627,Drug_1279
0.9697,0.9697,ACH-000627,Drug_1087
0.8573,0.8573,ACH-000627,Drug_768
0.9632,0.9632,ACH-000627,Drug_685
0.9609,0.9609,ACH-000627,Drug_413
0.85,0.85,ACH-000627,Drug_564
0.754,0.754,ACH-000627,Drug_870
0.8131,0.8131,ACH-000627,Drug_1520
0.8839,0.8839,ACH-000627,Drug_643
0.9612,0.9612,ACH-000627,Drug_883
0.6998,0.6998,ACH-000627,Drug_614
0.8108,0.8108,ACH-000627,Drug_802
0.85,0.85,ACH-000627,Drug_1507
0.855,0.855,ACH-000627,Drug_1005
0.8801,0.8801,ACH-000627,Drug_1040
0.9435,0.9435,ACH-000632,Drug_1326
0.494,0.494,ACH-000632,Drug_490
0.8253,0.8253,ACH-000632,Drug_558
0.5288,0.5288,ACH-000632,Drug_895
0.5698,0.5698,ACH-000632,Drug_195
0.6603,0.6603,ACH-000632,Drug_1279
0.6132,0.6132,ACH-000632,Drug_1087
0.6898,0.6898,ACH-000632,Drug_685
0.8361,0.8361,ACH-000632,Drug_413
0.8677,0.8677,ACH-000632,Drug_564
0.7256,0.7256,ACH-000632,Drug_870
0.8237,0.8237,ACH-000632,Drug_1520
0.8261,0.8261,ACH-000632,Drug_883
0.6133,0.6133,ACH-000632,Drug_614
0.9106,0.9106,ACH-000632,Drug_802
0.8317,0.8317,ACH-000632,Drug_435
0.8924,0.8924,ACH-000632,Drug_665
0.8636,0.8636,ACH-000632,Drug_1005
0.838,0.838,ACH-000632,Drug_1040
0.81,0.81,ACH-000633,Drug_749
0.7654,0.7654,ACH-000633,Drug_1326
0.8092,0.8092,ACH-000633,Drug_558
0.7314,0.7314,ACH-000633,Drug_1087
0.5204,0.5204,ACH-000633,Drug_1127
0.8173,0.8173,ACH-000633,Drug_685
0.8287,0.8287,ACH-000633,Drug_564
0.7472,0.7472,ACH-000633,Drug_1520
0.6975,0.6975,ACH-000633,Drug_643
0.8645,0.8645,ACH-000633,Drug_883
0.5013,0.5013,ACH-000633,Drug_614
0.8564,0.8564,ACH-000633,Drug_802
0.901,0.901,ACH-000633,Drug_435
0.7943,0.7943,ACH-000633,Drug_665
0.8361,0.8361,ACH-000633,Drug_1005
0.8872,0.8872,ACH-000633,Drug_1040
0.7308,0.7308,ACH-000636,Drug_749
0.7932,0.7932,ACH-000636,Drug_1326
0.8436,0.8436,ACH-000636,Drug_558
0.4406,0.4406,ACH-000636,Drug_895
0.4265,0.4265,ACH-000636,Drug_195
0.8685,0.8685,ACH-000636,Drug_1279
0.9743,0.9743,ACH-000636,Drug_1087
0.7215,0.7215,ACH-000636,Drug_768
0.3369,0.3369,ACH-000636,Drug_1127
0.8438,0.8438,ACH-000636,Drug_413
0.8939,0.8939,ACH-000636,Drug_564
0.7384,0.7384,ACH-000636,Drug_870
0.7194,0.7194,ACH-000636,Drug_1520
0.7328,0.7328,ACH-000636,Drug_643
0.899,0.899,ACH-000636,Drug_883
0.6644,0.6644,ACH-000636,Drug_614
0.9003,0.9003,ACH-000636,Drug_802
0.9103,0.9103,ACH-000636,Drug_1507
0.8056,0.8056,ACH-000636,Drug_665
0.786,0.786,ACH-000636,Drug_1005
0.8784,0.8784,ACH-000636,Drug_1040
0.8177,0.8177,ACH-000637,Drug_749
0.8138,0.8138,ACH-000637,Drug_1326
0.5813,0.5813,ACH-000637,Drug_490
0.7691,0.7691,ACH-000637,Drug_895
0.7709,0.7709,ACH-000637,Drug_195
0.8533,0.8533,ACH-000637,Drug_1279
0.6853,0.6853,ACH-000637,Drug_1087
0.4319,0.4319,ACH-000637,Drug_1127
0.8287,0.8287,ACH-000637,Drug_685
0.7956,0.7956,ACH-000637,Drug_413
0.8486,0.8486,ACH-000637,Drug_564
0.765,0.765,ACH-000637,Drug_870
0.8463,0.8463,ACH-000637,Drug_643
0.7907,0.7907,ACH-000637,Drug_883
0.533,0.533,ACH-000637,Drug_614
0.8679,0.8679,ACH-000637,Drug_802
0.7646,0.7646,ACH-000637,Drug_435
0.9585,0.9585,ACH-000637,Drug_1507
0.7844,0.7844,ACH-000637,Drug_665
0.8352,0.8352,ACH-000637,Drug_1005
0.9324,0.9324,ACH-000637,Drug_1040
0.8098,0.8098,ACH-000638,Drug_749
0.5188,0.5188,ACH-000638,Drug_490
0.5857,0.5857,ACH-000638,Drug_895
0.6607,0.6607,ACH-000638,Drug_195
0.8609,0.8609,ACH-000638,Drug_1279
0.8711,0.8711,ACH-000638,Drug_768
0.5199,0.5199,ACH-000638,Drug_1127
0.8048,0.8048,ACH-000638,Drug_685
0.8748,0.8748,ACH-000638,Drug_413
0.8401,0.8401,ACH-000638,Drug_564
0.7621,0.7621,ACH-000638,Drug_1520
0.8656,0.8656,ACH-000638,Drug_643
0.9232,0.9232,ACH-000638,Drug_883
0.9812,0.9812,ACH-000638,Drug_802
0.872,0.872,ACH-000638,Drug_435
0.8988,0.8988,ACH-000638,Drug_1507
0.9035,0.9035,ACH-000638,Drug_1005
0.9818,0.9818,ACH-000638,Drug_1040
0.7503,0.7503,ACH-000639,Drug_749
0.8741,0.8741,ACH-000639,Drug_1326
0.4148,0.4148,ACH-000639,Drug_490
0.548,0.548,ACH-000639,Drug_895
0.5533,0.5533,ACH-000639,Drug_195
0.7746,0.7746,ACH-000639,Drug_1279
0.8842,0.8842,ACH-000639,Drug_1087
0.8844,0.8844,ACH-000639,Drug_768
0.4041,0.4041,ACH-000639,Drug_1127
0.9021,0.9021,ACH-000639,Drug_685
0.7904,0.7904,ACH-000639,Drug_413
0.7536,0.7536,ACH-000639,Drug_1520
0.7855,0.7855,ACH-000639,Drug_643
0.6265,0.6265,ACH-000639,Drug_614
0.9791,0.9791,ACH-000639,Drug_1507
0.9363,0.9363,ACH-000639,Drug_665
0.8129,0.8129,ACH-000639,Drug_1005
0.8053,0.8053,ACH-000639,Drug_1040
0.7762,0.7762,ACH-000640,Drug_749
0.7773,0.7773,ACH-000640,Drug_1326
0.5032,0.5032,ACH-000640,Drug_490
0.7223,0.7223,ACH-000640,Drug_895
0.8257,0.8257,ACH-000640,Drug_195
0.8854,0.8854,ACH-000640,Drug_1279
0.896,0.896,ACH-000640,Drug_1087
0.9772,0.9772,ACH-000640,Drug_768
0.5475,0.5475,ACH-000640,Drug_1127
0.8099,0.8099,ACH-000640,Drug_413
0.8938,0.8938,ACH-000640,Drug_564
0.8076,0.8076,ACH-000640,Drug_643
0.8327,0.8327,ACH-000640,Drug_802
0.8401,0.8401,ACH-000640,Drug_1507
0.8121,0.8121,ACH-000640,Drug_1005
0.8276,0.8276,ACH-000640,Drug_1040
0.7964,0.7964,ACH-000643,Drug_749
0.7114,0.7114,ACH-000643,Drug_1326
0.4673,0.4673,ACH-000643,Drug_490
0.9889,0.9889,ACH-000643,Drug_558
0.5559,0.5559,ACH-000643,Drug_895
0.5802,0.5802,ACH-000643,Drug_195
0.9375,0.9375,ACH-000643,Drug_1279
0.6898,0.6898,ACH-000643,Drug_1087
0.7748,0.7748,ACH-000643,Drug_768
0.2869,0.2869,ACH-000643,Drug_1127
0.7844,0.7844,ACH-000643,Drug_685
0.9242,0.9242,ACH-000643,Drug_564
0.8064,0.8064,ACH-000643,Drug_870
0.767,0.767,ACH-000643,Drug_1520
0.9171,0.9171,ACH-000643,Drug_643
0.8002,0.8002,ACH-000643,Drug_883
0.6345,0.6345,ACH-000643,Drug_614
0.7949,0.7949,ACH-000643,Drug_802
0.799,0.799,ACH-000643,Drug_435
0.9647,0.9647,ACH-000643,Drug_1507
0.7174,0.7174,ACH-000643,Drug_665
0.8921,0.8921,ACH-000643,Drug_1005
0.9158,0.9158,ACH-000643,Drug_1040
0.7959,0.7959,ACH-000646,Drug_749
0.8909,0.8909,ACH-000646,Drug_1326
0.5334,0.5334,ACH-000646,Drug_490
0.8201,0.8201,ACH-000646,Drug_558
0.729,0.729,ACH-000646,Drug_895
0.7428,0.7428,ACH-000646,Drug_195
0.8704,0.8704,ACH-000646,Drug_1279
0.9645,0.9645,ACH-000646,Drug_768
0.7629,0.7629,ACH-000646,Drug_1127
0.959,0.959,ACH-000646,Drug_685
0.9405,0.9405,ACH-000646,Drug_413
0.8698,0.8698,ACH-000646,Drug_564
0.8293,0.8293,ACH-000646,Drug_1520
0.9628,0.9628,ACH-000646,Drug_883
0.694,0.694,ACH-000646,Drug_614
0.9956,0.9956,ACH-000646,Drug_802
0.875,0.875,ACH-000646,Drug_435
0.9506,0.9506,ACH-000646,Drug_1507
0.8256,0.8256,ACH-000646,Drug_665
0.9008,0.9008,ACH-000646,Drug_1005
0.8532,0.8532,ACH-000646,Drug_1040
0.7925,0.7925,ACH-000647,Drug_749
0.8224,0.8224,ACH-000647,Drug_1326
0.4257,0.4257,ACH-000647,Drug_490
0.8532,0.8532,ACH-000647,Drug_558
0.653,0.653,ACH-000647,Drug_195
0.9329,0.9329,ACH-000647,Drug_1279
0.8413,0.8413,ACH-000647,Drug_1087
0.5488,0.5488,ACH-000647,Drug_1127
0.8624,0.8624,ACH-000647,Drug_685
0.8748,0.8748,ACH-000647,Drug_643
0.8068,0.8068,ACH-000647,Drug_883
0.5665,0.5665,ACH-000647,Drug_614
0.8834,0.8834,ACH-000647,Drug_802
0.8185,0.8185,ACH-000647,Drug_435
0.7845,0.7845,ACH-000648,Drug_749
0.7174,0.7174,ACH-000648,Drug_1326
0.8554,0.8554,ACH-000648,Drug_558
0.7305,0.7305,ACH-000648,Drug_195
0.7118,0.7118,ACH-000648,Drug_1087
0.8127,0.8127,ACH-000648,Drug_768
0.5882,0.5882,ACH-000648,Drug_1127
0.9375,0.9375,ACH-000648,Drug_413
0.9349,0.9349,ACH-000648,Drug_564
0.7899,0.7899,ACH-000648,Drug_870
0.73,0.73,ACH-000648,Drug_1520
0.8328,0.8328,ACH-000648,Drug_643
0.7377,0.7377,ACH-000648,Drug_883
0.8423,0.8423,ACH-000648,Drug_802
0.9437,0.9437,ACH-000648,Drug_1507
0.7595,0.7595,ACH-000648,Drug_665
0.8516,0.8516,ACH-000648,Drug_1040
0.8146,0.8146,ACH-000649,Drug_749
0.6056,0.6056,ACH-000649,Drug_490
0.8114,0.8114,ACH-000649,Drug_558
0.6131,0.6131,ACH-000649,Drug_895
0.6015,0.6015,ACH-000649,Drug_195
1.0,1.0,ACH-000649,Drug_768
0.5538,0.5538,ACH-000649,Drug_1127
0.9203,0.9203,ACH-000649,Drug_685
0.8774,0.8774,ACH-000649,Drug_413
0.8448,0.8448,ACH-000649,Drug_1520
0.8619,0.8619,ACH-000649,Drug_643
0.9597,0.9597,ACH-000649,Drug_883
0.5949,0.5949,ACH-000649,Drug_614
0.9885,0.9885,ACH-000649,Drug_1507
0.8909,0.8909,ACH-000649,Drug_665
0.841,0.841,ACH-000649,Drug_1005
0.759,0.759,ACH-000650,Drug_749
0.9323,0.9323,ACH-000650,Drug_1326
0.9333,0.9333,ACH-000650,Drug_558
0.5911,0.5911,ACH-000650,Drug_895
0.6508,0.6508,ACH-000650,Drug_195
0.9345,0.9345,ACH-000650,Drug_1279
0.4976,0.4976,ACH-000650,Drug_1087
0.8993,0.8993,ACH-000650,Drug_768
0.3473,0.3473,ACH-000650,Drug_1127
0.5936,0.5936,ACH-000650,Drug_685
0.8257,0.8257,ACH-000650,Drug_413
0.7416,0.7416,ACH-000650,Drug_870
0.8741,0.8741,ACH-000650,Drug_1520
0.9934,0.9934,ACH-000650,Drug_802
0.9504,0.9504,ACH-000650,Drug_435
0.966,0.966,ACH-000650,Drug_1507
0.8891,0.8891,ACH-000650,Drug_1005
0.9695,0.9695,ACH-000650,Drug_1040
0.7456,0.7456,ACH-000651,Drug_749
0.7966,0.7966,ACH-000651,Drug_1326
0.8325,0.8325,ACH-000651,Drug_558
0.5518,0.5518,ACH-000651,Drug_895
0.5744,0.5744,ACH-000651,Drug_195
0.9563,0.9563,ACH-000651,Drug_1279
0.4535,0.4535,ACH-000651,Drug_1087
0.804,0.804,ACH-000651,Drug_768
0.3512,0.3512,ACH-000651,Drug_1127
0.5497,0.5497,ACH-000651,Drug_685
0.9654,0.9654,ACH-000651,Drug_564
0.75,0.75,ACH-000651,Drug_870
0.7921,0.7921,ACH-000651,Drug_643
0.8571,0.8571,ACH-000651,Drug_883
0.4459,0.4459,ACH-000651,Drug_614
0.9533,0.9533,ACH-000651,Drug_802
0.9157,0.9157,ACH-000651,Drug_435
0.9355,0.9355,ACH-000651,Drug_665
0.7804,0.7804,ACH-000651,Drug_1005
0.8639,0.8639,ACH-000652,Drug_1326
0.8069,0.8069,ACH-000652,Drug_558
0.5507,0.5507,ACH-000652,Drug_895
0.8915,0.8915,ACH-000652,Drug_1279
0.8346,0.8346,ACH-000652,Drug_768
0.619,0.619,ACH-000652,Drug_1127
0.7014,0.7014,ACH-000652,Drug_685
0.9029,0.9029,ACH-000652,Drug_564
0.7141,0.7141,ACH-000652,Drug_870
0.7845,0.7845,ACH-000652,Drug_883
0.8352,0.8352,ACH-000652,Drug_802
0.8201,0.8201,ACH-000652,Drug_1005
0.9196,0.9196,ACH-000654,Drug_749
0.5126,0.5126,ACH-000654,Drug_490
0.9868,0.9868,ACH-000654,Drug_1279
0.8253,0.8253,ACH-000654,Drug_1087
0.9434,0.9434,ACH-000654,Drug_768
0.358,0.358,ACH-000654,Drug_1127
0.9554,0.9554,ACH-000654,Drug_685
0.9862,0.9862,ACH-000654,Drug_564
0.9381,0.9381,ACH-000654,Drug_870
0.9719,0.9719,ACH-000654,Drug_1520
0.8423,0.8423,ACH-000654,Drug_643
0.9473,0.9473,ACH-000654,Drug_883
0.9244,0.9244,ACH-000654,Drug_802
0.9428,0.9428,ACH-000654,Drug_435
0.9067,0.9067,ACH-000654,Drug_1507
0.9027,0.9027,ACH-000654,Drug_1040
0.779,0.779,ACH-000656,Drug_749
0.3631,0.3631,ACH-000656,Drug_490
0.777,0.777,ACH-000656,Drug_558
0.429,0.429,ACH-000656,Drug_895
0.4288,0.4288,ACH-000656,Drug_195
0.9128,0.9128,ACH-000656,Drug_1279
0.7317,0.7317,ACH-000656,Drug_768
0.3343,0.3343,ACH-000656,Drug_1127
0.7882,0.7882,ACH-000656,Drug_413
0.7494,0.7494,ACH-000656,Drug_870
0.8446,0.8446,ACH-000656,Drug_883
0.5905,0.5905,ACH-000656,Drug_614
0.784,0.784,ACH-000656,Drug_435
0.9781,0.9781,ACH-000656,Drug_1507
0.9553,0.9553,ACH-000656,Drug_665
0.7817,0.7817,ACH-000656,Drug_1005
0.7781,0.7781,ACH-000656,Drug_1040
0.8219,0.8219,ACH-000657,Drug_749
0.757,0.757,ACH-000657,Drug_1326
0.4681,0.4681,ACH-000657,Drug_490
0.8014,0.8014,ACH-000657,Drug_558
0.497,0.497,ACH-000657,Drug_895
0.5095,0.5095,ACH-000657,Drug_195
0.5597,0.5597,ACH-000657,Drug_1087
0.8593,0.8593,ACH-000657,Drug_768
0.3284,0.3284,ACH-000657,Drug_1127
0.665,0.665,ACH-000657,Drug_685
0.8596,0.8596,ACH-000657,Drug_413
0.8261,0.8261,ACH-000657,Drug_564
0.6828,0.6828,ACH-000657,Drug_870
0.7213,0.7213,ACH-000657,Drug_1520
0.7022,0.7022,ACH-000657,Drug_643
0.4793,0.4793,ACH-000657,Drug_614
0.9743,0.9743,ACH-000657,Drug_665
0.7691,0.7691,ACH-000657,Drug_1005
0.83,0.83,ACH-000661,Drug_749
0.8856,0.8856,ACH-000661,Drug_1326
0.5791,0.5791,ACH-000661,Drug_490
0.8887,0.8887,ACH-000661,Drug_558
0.6995,0.6995,ACH-000661,Drug_895
0.9333,0.9333,ACH-000661,Drug_1279
0.5594,0.5594,ACH-000661,Drug_1087
0.8585,0.8585,ACH-000661,Drug_768
0.4907,0.4907,ACH-000661,Drug_1127
0.6831,0.6831,ACH-000661,Drug_685
0.7958,0.7958,ACH-000661,Drug_413
0.7304,0.7304,ACH-000661,Drug_564
0.6743,0.6743,ACH-000661,Drug_870
0.8423,0.8423,ACH-000661,Drug_1520
0.7973,0.7973,ACH-000661,Drug_643
0.8324,0.8324,ACH-000661,Drug_883
0.5893,0.5893,ACH-000661,Drug_614
0.851,0.851,ACH-000661,Drug_802
0.8317,0.8317,ACH-000661,Drug_435
0.8451,0.8451,ACH-000661,Drug_1507
0.9169,0.9169,ACH-000661,Drug_665
0.83,0.83,ACH-000661,Drug_1005
0.9175,0.9175,ACH-000661,Drug_1040
0.5072,0.5072,ACH-000662,Drug_490
0.7905,0.7905,ACH-000662,Drug_558
0.588,0.588,ACH-000662,Drug_895
0.5971,0.5971,ACH-000662,Drug_195
0.9273,0.9273,ACH-000662,Drug_1279
0.8641,0.8641,ACH-000662,Drug_1087
0.8751,0.8751,ACH-000662,Drug_768
0.3844,0.3844,ACH-000662,Drug_1127
0.8854,0.8854,ACH-000662,Drug_685
0.9504,0.9504,ACH-000662,Drug_413
0.8628,0.8628,ACH-000662,Drug_564
0.7658,0.7658,ACH-000662,Drug_870
0.8536,0.8536,ACH-000662,Drug_643
0.9279,0.9279,ACH-000662,Drug_883
0.7018,0.7018,ACH-000662,Drug_614
0.9288,0.9288,ACH-000662,Drug_802
0.8758,0.8758,ACH-000662,Drug_435
0.9815,0.9815,ACH-000662,Drug_1507
0.9351,0.9351,ACH-000662,Drug_665
0.8867,0.8867,ACH-000662,Drug_1005
0.9251,0.9251,ACH-000663,Drug_749
0.452,0.452,ACH-000663,Drug_490
0.8308,0.8308,ACH-000663,Drug_558
0.9757,0.9757,ACH-000663,Drug_1279
0.888,0.888,ACH-000663,Drug_1087
0.9495,0.9495,ACH-000663,Drug_768
0.735,0.735,ACH-000663,Drug_1127
0.9598,0.9598,ACH-000663,Drug_685
0.9614,0.9614,ACH-000663,Drug_413
0.811,0.811,ACH-000663,Drug_1520
0.8185,0.8185,ACH-000663,Drug_883
0.7384,0.7384,ACH-000663,Drug_614
0.9714,0.9714,ACH-000663,Drug_802
0.8524,0.8524,ACH-000663,Drug_435
0.9191,0.9191,ACH-000663,Drug_1507
0.7025,0.7025,ACH-000663,Drug_665
0.8292,0.8292,ACH-000663,Drug_1005
0.9468,0.9468,ACH-000663,Drug_1040
0.7152,0.7152,ACH-000665,Drug_749
0.684,0.684,ACH-000665,Drug_1326
0.4832,0.4832,ACH-000665,Drug_490
0.9614,0.9614,ACH-000665,Drug_558
0.5763,0.5763,ACH-000665,Drug_195
0.722,0.722,ACH-000665,Drug_1279
0.7057,0.7057,ACH-000665,Drug_1087
0.4556,0.4556,ACH-000665,Drug_1127
0.7876,0.7876,ACH-000665,Drug_564
0.7081,0.7081,ACH-000665,Drug_1520
0.7617,0.7617,ACH-000665,Drug_643
0.6632,0.6632,ACH-000665,Drug_883
0.5927,0.5927,ACH-000665,Drug_614
0.6877,0.6877,ACH-000665,Drug_802
0.8542,0.8542,ACH-000665,Drug_1507
0.7734,0.7734,ACH-000665,Drug_1005
0.7969,0.7969,ACH-000667,Drug_749
0.8533,0.8533,ACH-000667,Drug_558
0.6976,0.6976,ACH-000667,Drug_195
0.6992,0.6992,ACH-000667,Drug_1279
0.7399,0.7399,ACH-000667,Drug_1087
0.3806,0.3806,ACH-000667,Drug_1127
0.8859,0.8859,ACH-000667,Drug_685
0.945,0.945,ACH-000667,Drug_564
0.7346,0.7346,ACH-000667,Drug_870
0.7941,0.7941,ACH-000667,Drug_1520
0.8589,0.8589,ACH-000667,Drug_643
0.8423,0.8423,ACH-000667,Drug_883
0.5097,0.5097,ACH-000667,Drug_614
0.8148,0.8148,ACH-000667,Drug_802
0.9175,0.9175,ACH-000667,Drug_435
0.9939,0.9939,ACH-000667,Drug_1507
0.9378,0.9378,ACH-000667,Drug_665
0.9748,0.9748,ACH-000667,Drug_1005
0.828,0.828,ACH-000667,Drug_1040
0.8606,0.8606,ACH-000668,Drug_749
0.8191,0.8191,ACH-000668,Drug_1326
0.4904,0.4904,ACH-000668,Drug_490
0.6075,0.6075,ACH-000668,Drug_195
0.8712,0.8712,ACH-000668,Drug_1279
0.8582,0.8582,ACH-000668,Drug_1087
0.9883,0.9883,ACH-000668,Drug_768
0.4079,0.4079,ACH-000668,Drug_1127
0.8457,0.8457,ACH-000668,Drug_685
0.8532,0.8532,ACH-000668,Drug_413
0.9626,0.9626,ACH-000668,Drug_564
0.7765,0.7765,ACH-000668,Drug_1520
0.8677,0.8677,ACH-000668,Drug_643
0.9127,0.9127,ACH-000668,Drug_883
0.591,0.591,ACH-000668,Drug_614
0.9213,0.9213,ACH-000668,Drug_802
0.8223,0.8223,ACH-000668,Drug_435
0.9637,0.9637,ACH-000668,Drug_1507
0.9122,0.9122,ACH-000668,Drug_665
0.8261,0.8261,ACH-000668,Drug_1005
0.9779,0.9779,ACH-000668,Drug_1040
0.8925,0.8925,ACH-000669,Drug_749
0.942,0.942,ACH-000669,Drug_1326
0.6852,0.6852,ACH-000669,Drug_490
0.8434,0.8434,ACH-000669,Drug_1279
0.7969,0.7969,ACH-000669,Drug_1087
0.9493,0.9493,ACH-000669,Drug_413
0.9652,0.9652,ACH-000669,Drug_564
0.8201,0.8201,ACH-000669,Drug_870
0.8532,0.8532,ACH-000669,Drug_1520
0.9527,0.9527,ACH-000669,Drug_643
0.9438,0.9438,ACH-000669,Drug_883
0.688,0.688,ACH-000669,Drug_614
0.9521,0.9521,ACH-000669,Drug_802
0.8325,0.8325,ACH-000669,Drug_435
0.8569,0.8569,ACH-000669,Drug_1507
0.8821,0.8821,ACH-000669,Drug_665
0.9481,0.9481,ACH-000669,Drug_1005
0.779,0.779,ACH-000670,Drug_749
0.8542,0.8542,ACH-000670,Drug_1326
0.5622,0.5622,ACH-000670,Drug_895
0.5562,0.5562,ACH-000670,Drug_195
0.95,0.95,ACH-000670,Drug_1279
0.7197,0.7197,ACH-000670,Drug_1087
0.9426,0.9426,ACH-000670,Drug_768
0.2201,0.2201,ACH-000670,Drug_1127
0.8061,0.8061,ACH-000670,Drug_685
0.8298,0.8298,ACH-000670,Drug_413
0.7907,0.7907,ACH-000670,Drug_870
0.7921,0.7921,ACH-000670,Drug_1520
0.8533,0.8533,ACH-000670,Drug_883
0.9281,0.9281,ACH-000670,Drug_802
0.9644,0.9644,ACH-000670,Drug_665
0.6967,0.6967,ACH-000670,Drug_1005
0.9617,0.9617,ACH-000670,Drug_1040
0.8614,0.8614,ACH-000672,Drug_749
0.8714,0.8714,ACH-000672,Drug_1326
0.5316,0.5316,ACH-000672,Drug_490
0.8129,0.8129,ACH-000672,Drug_558
0.6622,0.6622,ACH-000672,Drug_895
0.685,0.685,ACH-000672,Drug_195
0.9187,0.9187,ACH-000672,Drug_1279
0.8709,0.8709,ACH-000672,Drug_1087
0.8284,0.8284,ACH-000672,Drug_1127
0.903,0.903,ACH-000672,Drug_413
0.927,0.927,ACH-000672,Drug_564
0.7035,0.7035,ACH-000672,Drug_870
0.9027,0.9027,ACH-000672,Drug_1520
0.9255,0.9255,ACH-000672,Drug_643
0.9141,0.9141,ACH-000672,Drug_802
0.8412,0.8412,ACH-000672,Drug_1507
0.8917,0.8917,ACH-000672,Drug_665
0.9373,0.9373,ACH-000672,Drug_1005
0.9912,0.9912,ACH-000672,Drug_1040
0.6698,0.6698,ACH-000674,Drug_1326
0.3504,0.3504,ACH-000674,Drug_490
0.839,0.839,ACH-000674,Drug_558
0.9633,0.9633,ACH-000674,Drug_1279
0.4488,0.4488,ACH-000674,Drug_1087
0.7867,0.7867,ACH-000674,Drug_768
0.5621,0.5621,ACH-000674,Drug_685
0.8342,0.8342,ACH-000674,Drug_413
1.0,1.0,ACH-000674,Drug_564
0.8311,0.8311,ACH-000674,Drug_870
0.65,0.65,ACH-000674,Drug_883
0.5073,0.5073,ACH-000674,Drug_614
0.7403,0.7403,ACH-000674,Drug_802
0.6135,0.6135,ACH-000674,Drug_435
0.887,0.887,ACH-000674,Drug_1507
0.6331,0.6331,ACH-000674,Drug_665
0.7674,0.7674,ACH-000674,Drug_1005
0.9538,0.9538,ACH-000674,Drug_1040
0.749,0.749,ACH-000677,Drug_749
0.8542,0.8542,ACH-000677,Drug_1326
0.8668,0.8668,ACH-000677,Drug_558
0.4945,0.4945,ACH-000677,Drug_195
0.7894,0.7894,ACH-000677,Drug_1087
0.8178,0.8178,ACH-000677,Drug_685
0.907,0.907,ACH-000677,Drug_564
0.741,0.741,ACH-000677,Drug_1520
0.787,0.787,ACH-000677,Drug_643
0.9081,0.9081,ACH-000677,Drug_802
0.9357,0.9357,ACH-000677,Drug_435
0.8423,0.8423,ACH-000677,Drug_1507
0.8927,0.8927,ACH-000677,Drug_1005
0.9261,0.9261,ACH-000677,Drug_1040
0.8284,0.8284,ACH-000678,Drug_749
0.8983,0.8983,ACH-000678,Drug_1326
0.5092,0.5092,ACH-000678,Drug_490
0.6078,0.6078,ACH-000678,Drug_895
0.6179,0.6179,ACH-000678,Drug_195
0.9149,0.9149,ACH-000678,Drug_1087
0.9138,0.9138,ACH-000678,Drug_768
0.5565,0.5565,ACH-000678,Drug_1127
0.9574,0.9574,ACH-000678,Drug_685
0.8201,0.8201,ACH-000678,Drug_413
0.8356,0.8356,ACH-000678,Drug_870
0.7602,0.7602,ACH-000678,Drug_1520
0.8334,0.8334,ACH-000678,Drug_883
1.0,1.0,ACH-000678,Drug_802
0.8443,0.8443,ACH-000678,Drug_435
0.9465,0.9465,ACH-000678,Drug_1507
0.9926,0.9926,ACH-000678,Drug_665
0.9627,0.9627,ACH-000678,Drug_1005
1.0,1.0,ACH-000678,Drug_1040
0.8346,0.8346,ACH-000681,Drug_1326
0.4455,0.4455,ACH-000681,Drug_490
0.792,0.792,ACH-000681,Drug_558
0.6002,0.6002,ACH-000681,Drug_895
0.6094,0.6094,ACH-000681,Drug_195
0.9056,0.9056,ACH-000681,Drug_1279
0.5268,0.5268,ACH-000681,Drug_1087
0.9115,0.9115,ACH-000681,Drug_768
0.2945,0.2945,ACH-000681,Drug_1127
0.6939,0.6939,ACH-000681,Drug_685
0.7872,0.7872,ACH-000681,Drug_413
0.839,0.839,ACH-000681,Drug_564
0.6414,0.6414,ACH-000681,Drug_870
0.6921,0.6921,ACH-000681,Drug_1520
0.752,0.752,ACH-000681,Drug_643
0.8595,0.8595,ACH-000681,Drug_883
0.4559,0.4559,ACH-000681,Drug_614
0.9549,0.9549,ACH-000681,Drug_802
0.7568,0.7568,ACH-000681,Drug_435
0.8245,0.8245,ACH-000681,Drug_1507
0.8339,0.8339,ACH-000681,Drug_665
0.7793,0.7793,ACH-000681,Drug_1005
0.8387,0.8387,ACH-000684,Drug_749
0.8278,0.8278,ACH-000684,Drug_1326
0.5802,0.5802,ACH-000684,Drug_490
0.7507,0.7507,ACH-000684,Drug_195
0.9469,0.9469,ACH-000684,Drug_1279
0.7464,0.7464,ACH-000684,Drug_1087
0.8587,0.8587,ACH-000684,Drug_768
0.5237,0.5237,ACH-000684,Drug_1127
0.8586,0.8586,ACH-000684,Drug_685
0.8857,0.8857,ACH-000684,Drug_564
0.8088,0.8088,ACH-000684,Drug_870
0.7984,0.7984,ACH-000684,Drug_1520
0.8259,0.8259,ACH-000684,Drug_643
0.8082,0.8082,ACH-000684,Drug_883
0.7189,0.7189,ACH-000684,Drug_614
0.8566,0.8566,ACH-000684,Drug_802
0.92,0.92,ACH-000684,Drug_435
0.8927,0.8927,ACH-000684,Drug_1507
0.8292,0.8292,ACH-000684,Drug_1005
0.8488,0.8488,ACH-000684,Drug_1040
0.8253,0.8253,ACH-000687,Drug_749
0.7771,0.7771,ACH-000687,Drug_1326
0.4542,0.4542,ACH-000687,Drug_490
0.9121,0.9121,ACH-000687,Drug_558
0.4668,0.4668,ACH-000687,Drug_895
0.438,0.438,ACH-000687,Drug_195
0.8622,0.8622,ACH-000687,Drug_1279
0.9061,0.9061,ACH-000687,Drug_1087
0.8003,0.8003,ACH-000687,Drug_768
0.2991,0.2991,ACH-000687,Drug_1127
0.927,0.927,ACH-000687,Drug_685
0.97,0.97,ACH-000687,Drug_413
0.985,0.985,ACH-000687,Drug_564
0.791,0.791,ACH-000687,Drug_643
0.5925,0.5925,ACH-000687,Drug_614
0.895,0.895,ACH-000687,Drug_802
0.9696,0.9696,ACH-000687,Drug_435
0.8887,0.8887,ACH-000687,Drug_665
0.8069,0.8069,ACH-000687,Drug_1005
1.0,1.0,ACH-000687,Drug_1040
0.7485,0.7485,ACH-000693,Drug_749
0.8084,0.8084,ACH-000693,Drug_1326
0.516,0.516,ACH-000693,Drug_490
0.8223,0.8223,ACH-000693,Drug_558
0.507,0.507,ACH-000693,Drug_195
0.1955,0.1955,ACH-000693,Drug_1127
0.9343,0.9343,ACH-000693,Drug_685
0.8297,0.8297,ACH-000693,Drug_564
0.7751,0.7751,ACH-000693,Drug_643
0.7311,0.7311,ACH-000693,Drug_883
0.5029,0.5029,ACH-000693,Drug_614
0.817,0.817,ACH-000693,Drug_802
0.7331,0.7331,ACH-000693,Drug_435
0.909,0.909,ACH-000693,Drug_1507
0.7257,0.7257,ACH-000693,Drug_665
0.8175,0.8175,ACH-000693,Drug_1005
0.8227,0.8227,ACH-000694,Drug_749
0.8642,0.8642,ACH-000694,Drug_1326
0.5258,0.5258,ACH-000694,Drug_490
0.8069,0.8069,ACH-000694,Drug_558
0.5631,0.5631,ACH-000694,Drug_895
0.5567,0.5567,ACH-000694,Drug_195
0.9438,0.9438,ACH-000694,Drug_1279
0.8562,0.8562,ACH-000694,Drug_1087
0.9906,0.9906,ACH-000694,Drug_768
0.3034,0.3034,ACH-000694,Drug_1127
0.9099,0.9099,ACH-000694,Drug_685
0.8084,0.8084,ACH-000694,Drug_413
0.9553,0.9553,ACH-000694,Drug_564
0.8079,0.8079,ACH-000694,Drug_870
0.8697,0.8697,ACH-000694,Drug_883
0.5894,0.5894,ACH-000694,Drug_614
0.9841,0.9841,ACH-000694,Drug_802
0.7857,0.7857,ACH-000694,Drug_435
0.9841,0.9841,ACH-000694,Drug_1507
0.7727,0.7727,ACH-000694,Drug_665
0.9395,0.9395,ACH-000694,Drug_1005
0.8719,0.8719,ACH-000696,Drug_749
0.86,0.86,ACH-000696,Drug_1326
0.4307,0.4307,ACH-000696,Drug_490
0.7876,0.7876,ACH-000696,Drug_558
0.556,0.556,ACH-000696,Drug_195
0.9642,0.9642,ACH-000696,Drug_1279
0.8104,0.8104,ACH-000696,Drug_1087
0.9942,0.9942,ACH-000696,Drug_768
0.3477,0.3477,ACH-000696,Drug_1127
0.9266,0.9266,ACH-000696,Drug_685
0.8371,0.8371,ACH-000696,Drug_564
0.7312,0.7312,ACH-000696,Drug_870
0.8036,0.8036,ACH-000696,Drug_1520
0.8238,0.8238,ACH-000696,Drug_883
0.8194,0.8194,ACH-000696,Drug_802
0.8555,0.8555,ACH-000696,Drug_1507
0.8114,0.8114,ACH-000696,Drug_1005
0.8352,0.8352,ACH-000696,Drug_1040
0.9042,0.9042,ACH-000699,Drug_749
0.8598,0.8598,ACH-000699,Drug_1326
0.612,0.612,ACH-000699,Drug_490
0.955,0.955,ACH-000699,Drug_558
0.7334,0.7334,ACH-000699,Drug_195
0.8236,0.8236,ACH-000699,Drug_1279
0.9166,0.9166,ACH-000699,Drug_685
0.9626,0.9626,ACH-000699,Drug_564
0.8824,0.8824,ACH-000699,Drug_1520
0.8142,0.8142,ACH-000699,Drug_643
0.9136,0.9136,ACH-000699,Drug_883
0.7376,0.7376,ACH-000699,Drug_614
0.9059,0.9059,ACH-000699,Drug_802
0.9137,0.9137,ACH-000699,Drug_435
0.96,0.96,ACH-000699,Drug_1507
0.8856,0.8856,ACH-000699,Drug_665
0.9488,0.9488,ACH-000699,Drug_1005
0.9295,0.9295,ACH-000699,Drug_1040
0.8896,0.8896,ACH-000707,Drug_749
0.7952,0.7952,ACH-000707,Drug_1326
0.9516,0.9516,ACH-000707,Drug_558
0.585,0.585,ACH-000707,Drug_195
0.9248,0.9248,ACH-000707,Drug_1279
0.8856,0.8856,ACH-000707,Drug_1087
0.3731,0.3731,ACH-000707,Drug_1127
0.9739,0.9739,ACH-000707,Drug_685
0.9944,0.9944,ACH-000707,Drug_564
0.9788,0.9788,ACH-000707,Drug_870
0.9707,0.9707,ACH-000707,Drug_1520
0.9137,0.9137,ACH-000707,Drug_643
0.7024,0.7024,ACH-000707,Drug_614
0.8637,0.8637,ACH-000707,Drug_802
0.942,0.942,ACH-000707,Drug_1507
0.966,0.966,ACH-000707,Drug_1005
0.9602,0.9602,ACH-000707,Drug_1040
0.6515,0.6515,ACH-000714,Drug_749
0.8329,0.8329,ACH-000714,Drug_1326
0.4264,0.4264,ACH-000714,Drug_490
0.6239,0.6239,ACH-000714,Drug_895
0.6359,0.6359,ACH-000714,Drug_195
0.9604,0.9604,ACH-000714,Drug_1279
0.8791,0.8791,ACH-000714,Drug_1087
0.2175,0.2175,ACH-000714,Drug_1127
0.9556,0.9556,ACH-000714,Drug_685
0.757,0.757,ACH-000714,Drug_413
1.0,1.0,ACH-000714,Drug_564
0.6274,0.6274,ACH-000714,Drug_1520
0.7183,0.7183,ACH-000714,Drug_643
0.9686,0.9686,ACH-000714,Drug_883
0.4591,0.4591,ACH-000714,Drug_614
0.8663,0.8663,ACH-000714,Drug_435
0.91,0.91,ACH-000714,Drug_1507
0.866,0.866,ACH-000714,Drug_665
0.8294,0.8294,ACH-000714,Drug_1005
0.7509,0.7509,ACH-000716,Drug_749
0.8204,0.8204,ACH-000716,Drug_1326
0.9216,0.9216,ACH-000716,Drug_558
0.5679,0.5679,ACH-000716,Drug_895
0.7088,0.7088,ACH-000716,Drug_1279
0.4691,0.4691,ACH-000716,Drug_1087
0.2502,0.2502,ACH-000716,Drug_1127
0.6497,0.6497,ACH-000716,Drug_685
0.8095,0.8095,ACH-000716,Drug_413
0.9145,0.9145,ACH-000716,Drug_564
0.586,0.586,ACH-000716,Drug_870
0.6813,0.6813,ACH-000716,Drug_1520
0.7685,0.7685,ACH-000716,Drug_643
0.5842,0.5842,ACH-000716,Drug_614
0.9484,0.9484,ACH-000716,Drug_802
0.8664,0.8664,ACH-000716,Drug_665
0.8021,0.8021,ACH-000716,Drug_1005
0.94,0.94,ACH-000720,Drug_1326
0.4845,0.4845,ACH-000720,Drug_490
0.6371,0.6371,ACH-000720,Drug_895
0.6502,0.6502,ACH-000720,Drug_195
0.9125,0.9125,ACH-000720,Drug_1279
0.8657,0.8657,ACH-000720,Drug_1087
0.929,0.929,ACH-000720,Drug_768
0.315,0.315,ACH-000720,Drug_1127
1.0,1.0,ACH-000720,Drug_685
0.823,0.823,ACH-000720,Drug_413
0.838,0.838,ACH-000720,Drug_564
0.8115,0.8115,ACH-000720,Drug_870
0.7689,0.7689,ACH-000720,Drug_1520
0.8,0.8,ACH-000720,Drug_643
0.5028,0.5028,ACH-000720,Drug_614
0.8701,0.8701,ACH-000720,Drug_802
0.8556,0.8556,ACH-000720,Drug_435
0.9896,0.9896,ACH-000720,Drug_1507
0.9444,0.9444,ACH-000720,Drug_665
0.8343,0.8343,ACH-000720,Drug_1005
0.8673,0.8673,ACH-000720,Drug_1040
0.7537,0.7537,ACH-000721,Drug_749
0.924,0.924,ACH-000721,Drug_1326
0.5642,0.5642,ACH-000721,Drug_490
0.8627,0.8627,ACH-000721,Drug_558
0.7394,0.7394,ACH-000721,Drug_195
0.9798,0.9798,ACH-000721,Drug_1279
0.5209,0.5209,ACH-000721,Drug_1087
0.9095,0.9095,ACH-000721,Drug_768
0.3963,0.3963,ACH-000721,Drug_1127
0.6222,0.6222,ACH-000721,Drug_685
0.9237,0.9237,ACH-000721,Drug_413
0.97,0.97,ACH-000721,Drug_564
0.857,0.857,ACH-000721,Drug_870
0.7737,0.7737,ACH-000721,Drug_1520
0.8064,0.8064,ACH-000721,Drug_643
0.9748,0.9748,ACH-000721,Drug_883
0.5491,0.5491,ACH-000721,Drug_614
0.9499,0.9499,ACH-000721,Drug_1507
0.9934,0.9934,ACH-000721,Drug_665
0.8084,0.8084,ACH-000721,Drug_1005
0.8516,0.8516,ACH-000721,Drug_1040
0.7437,0.7437,ACH-000730,Drug_749
0.8375,0.8375,ACH-000730,Drug_1326
0.4323,0.4323,ACH-000730,Drug_490
0.8061,0.8061,ACH-000730,Drug_558
0.5311,0.5311,ACH-000730,Drug_895
0.6004,0.6004,ACH-000730,Drug_195
0.7867,0.7867,ACH-000730,Drug_1279
0.5126,0.5126,ACH-000730,Drug_1087
0.8447,0.8447,ACH-000730,Drug_768
0.8661,0.8661,ACH-000730,Drug_413
0.7103,0.7103,ACH-000730,Drug_564
0.6471,0.6471,ACH-000730,Drug_870
0.7557,0.7557,ACH-000730,Drug_1520
0.8755,0.8755,ACH-000730,Drug_883
0.6925,0.6925,ACH-000730,Drug_614
0.8516,0.8516,ACH-000730,Drug_435
0.8425,0.8425,ACH-000730,Drug_1507
0.8492,0.8492,ACH-000730,Drug_665
0.8253,0.8253,ACH-000730,Drug_1005
0.9173,0.9173,ACH-000730,Drug_1040
0.8225,0.8225,ACH-000738,Drug_1326
0.5137,0.5137,ACH-000738,Drug_490
0.4986,0.4986,ACH-000738,Drug_895
0.4529,0.4529,ACH-000738,Drug_195
0.9609,0.9609,ACH-000738,Drug_1279
0.6662,0.6662,ACH-000738,Drug_1087
0.4651,0.4651,ACH-000738,Drug_1127
0.88,0.88,ACH-000738,Drug_685
0.8072,0.8072,ACH-000738,Drug_564
0.6435,0.6435,ACH-000738,Drug_870
0.7166,0.7166,ACH-000738,Drug_1520
0.769,0.769,ACH-000738,Drug_643
0.9084,0.9084,ACH-000738,Drug_883
0.6705,0.6705,ACH-000738,Drug_614
0.9836,0.9836,ACH-000738,Drug_802
0.939,0.939,ACH-000738,Drug_435
0.9588,0.9588,ACH-000738,Drug_1507
0.8371,0.8371,ACH-000738,Drug_1040
0.7257,0.7257,ACH-000739,Drug_749
0.8245,0.8245,ACH-000739,Drug_1326
0.4147,0.4147,ACH-000739,Drug_490
0.8276,0.8276,ACH-000739,Drug_558
0.6167,0.6167,ACH-000739,Drug_195
0.5419,0.5419,ACH-000739,Drug_1087
0.8533,0.8533,ACH-000739,Drug_768
0.4163,0.4163,ACH-000739,Drug_1127
0.6294,0.6294,ACH-000739,Drug_685
0.8569,0.8569,ACH-000739,Drug_413
0.7601,0.7601,ACH-000739,Drug_564
0.7837,0.7837,ACH-000739,Drug_1520
0.789,0.789,ACH-000739,Drug_643
0.8933,0.8933,ACH-000739,Drug_883
0.3774,0.3774,ACH-000739,Drug_614
0.8334,0.8334,ACH-000739,Drug_802
0.9255,0.9255,ACH-000739,Drug_435
0.8509,0.8509,ACH-000739,Drug_1507
0.9196,0.9196,ACH-000739,Drug_665
0.8866,0.8866,ACH-000739,Drug_1005
0.9526,0.9526,ACH-000739,Drug_1040
0.9212,0.9212,ACH-000740,Drug_749
0.8074,0.8074,ACH-000740,Drug_1326
0.8276,0.8276,ACH-000740,Drug_558
0.8224,0.8224,ACH-000740,Drug_1087
0.8095,0.8095,ACH-000740,Drug_685
0.8983,0.8983,ACH-000740,Drug_413
0.9513,0.9513,ACH-000740,Drug_564
0.769,0.769,ACH-000740,Drug_870
0.8245,0.8245,ACH-000740,Drug_1520
0.5871,0.5871,ACH-000740,Drug_614
0.8529,0.8529,ACH-000740,Drug_802
0.8749,0.8749,ACH-000740,Drug_1040
0.7388,0.7388,ACH-000745,Drug_749
0.8824,0.8824,ACH-000745,Drug_1326
0.3985,0.3985,ACH-000745,Drug_490
0.8268,0.8268,ACH-000745,Drug_558
0.5448,0.5448,ACH-000745,Drug_895
0.6123,0.6123,ACH-000745,Drug_195
0.9618,0.9618,ACH-000745,Drug_1279
0.7346,0.7346,ACH-000745,Drug_1087
0.7442,0.7442,ACH-000745,Drug_768
0.4606,0.4606,ACH-000745,Drug_1127
0.8802,0.8802,ACH-000745,Drug_413
0.9626,0.9626,ACH-000745,Drug_564
0.6531,0.6531,ACH-000745,Drug_1520
0.8382,0.8382,ACH-000745,Drug_643
0.8371,0.8371,ACH-000745,Drug_883
0.7602,0.7602,ACH-000745,Drug_802
0.8605,0.8605,ACH-000745,Drug_1507
0.8533,0.8533,ACH-000745,Drug_665
0.8273,0.8273,ACH-000745,Drug_1005
0.7427,0.7427,ACH-000745,Drug_1040
0.7593,0.7593,ACH-000748,Drug_749
0.5036,0.5036,ACH-000748,Drug_490
0.921,0.921,ACH-000748,Drug_558
0.9095,0.9095,ACH-000748,Drug_1279
0.8033,0.8033,ACH-000748,Drug_1087
0.4574,0.4574,ACH-000748,Drug_1127
0.8819,0.8819,ACH-000748,Drug_685
1.0,1.0,ACH-000748,Drug_564
0.8293,0.8293,ACH-000748,Drug_870
0.8005,0.8005,ACH-000748,Drug_1520
0.9416,0.9416,ACH-000748,Drug_643
0.9138,0.9138,ACH-000748,Drug_883
0.6378,0.6378,ACH-000748,Drug_614
0.8809,0.8809,ACH-000748,Drug_802
0.951,0.951,ACH-000748,Drug_435
0.8531,0.8531,ACH-000748,Drug_665
0.9703,0.9703,ACH-000748,Drug_1040
0.8701,0.8701,ACH-000750,Drug_749
0.8938,0.8938,ACH-000750,Drug_1326
0.4846,0.4846,ACH-000750,Drug_490
0.8988,0.8988,ACH-000750,Drug_558
0.5188,0.5188,ACH-000750,Drug_195
0.9488,0.9488,ACH-000750,Drug_1279
0.8621,0.8621,ACH-000750,Drug_768
0.4873,0.4873,ACH-000750,Drug_1127
0.7426,0.7426,ACH-000750,Drug_685
0.8608,0.8608,ACH-000750,Drug_564
0.757,0.757,ACH-000750,Drug_870
0.7639,0.7639,ACH-000750,Drug_1520
0.8208,0.8208,ACH-000750,Drug_643
0.5581,0.5581,ACH-000750,Drug_614
0.8986,0.8986,ACH-000750,Drug_802
0.9543,0.9543,ACH-000750,Drug_435
0.9011,0.9011,ACH-000750,Drug_1507
0.8215,0.8215,ACH-000750,Drug_665
0.8629,0.8629,ACH-000750,Drug_1005
0.7268,0.7268,ACH-000753,Drug_1326
0.484,0.484,ACH-000753,Drug_490
0.8187,0.8187,ACH-000753,Drug_558
0.9299,0.9299,ACH-000753,Drug_1279
0.7014,0.7014,ACH-000753,Drug_1087
0.3506,0.3506,ACH-000753,Drug_1127
0.8384,0.8384,ACH-000753,Drug_413
0.8407,0.8407,ACH-000753,Drug_564
0.6264,0.6264,ACH-000753,Drug_1520
0.6227,0.6227,ACH-000753,Drug_643
0.8084,0.8084,ACH-000753,Drug_883
0.4673,0.4673,ACH-000753,Drug_614
0.8235,0.8235,ACH-000753,Drug_802
0.8423,0.8423,ACH-000753,Drug_435
0.8332,0.8332,ACH-000753,Drug_1507
0.8188,0.8188,ACH-000753,Drug_665
0.8714,0.8714,ACH-000754,Drug_1326
0.485,0.485,ACH-000754,Drug_490
0.6161,0.6161,ACH-000754,Drug_895
0.6238,0.6238,ACH-000754,Drug_195
1.0,1.0,ACH-000754,Drug_1087
0.8224,0.8224,ACH-000754,Drug_768
0.5208,0.5208,ACH-000754,Drug_1127
0.9876,0.9876,ACH-000754,Drug_685
0.6994,0.6994,ACH-000754,Drug_870
0.8926,0.8926,ACH-000754,Drug_1520
0.8089,0.8089,ACH-000754,Drug_643
0.6876,0.6876,ACH-000754,Drug_614
0.8501,0.8501,ACH-000754,Drug_802
0.8179,0.8179,ACH-000754,Drug_435
0.9517,0.9517,ACH-000754,Drug_1507
0.9635,0.9635,ACH-000754,Drug_665
0.907,0.907,ACH-000754,Drug_1005
0.8238,0.8238,ACH-000754,Drug_1040
0.9081,0.9081,ACH-000756,Drug_749
0.8994,0.8994,ACH-000756,Drug_1326
0.4763,0.4763,ACH-000756,Drug_490
0.9549,0.9549,ACH-000756,Drug_558
0.6827,0.6827,ACH-000756,Drug_195
0.9495,0.9495,ACH-000756,Drug_1279
0.8555,0.8555,ACH-000756,Drug_1087
0.9056,0.9056,ACH-000756,Drug_685
0.9502,0.9502,ACH-000756,Drug_564
0.7624,0.7624,ACH-000756,Drug_1520
0.8802,0.8802,ACH-000756,Drug_643
0.965,0.965,ACH-000756,Drug_883
0.5983,0.5983,ACH-000756,Drug_614
0.8231,0.8231,ACH-000756,Drug_802
0.9514,0.9514,ACH-000756,Drug_435
0.9502,0.9502,ACH-000756,Drug_1507
0.9559,0.9559,ACH-000756,Drug_665
0.9615,0.9615,ACH-000756,Drug_1040
0.7629,0.7629,ACH-000758,Drug_749
0.891,0.891,ACH-000758,Drug_1326
0.5397,0.5397,ACH-000758,Drug_490
0.7136,0.7136,ACH-000758,Drug_895
0.6509,0.6509,ACH-000758,Drug_195
0.8614,0.8614,ACH-000758,Drug_1279
0.8708,0.8708,ACH-000758,Drug_1087
0.93,0.93,ACH-000758,Drug_768
0.5651,0.5651,ACH-000758,Drug_1127
0.8532,0.8532,ACH-000758,Drug_564
0.7597,0.7597,ACH-000758,Drug_870
0.8963,0.8963,ACH-000758,Drug_1520
0.8609,0.8609,ACH-000758,Drug_643
0.8648,0.8648,ACH-000758,Drug_883
0.5726,0.5726,ACH-000758,Drug_614
0.7636,0.7636,ACH-000758,Drug_802
0.8648,0.8648,ACH-000758,Drug_435
0.9344,0.9344,ACH-000758,Drug_665
0.9659,0.9659,ACH-000758,Drug_1005
0.9479,0.9479,ACH-000758,Drug_1040
0.9226,0.9226,ACH-000759,Drug_1326
0.4924,0.4924,ACH-000759,Drug_490
0.6976,0.6976,ACH-000759,Drug_195
0.8351,0.8351,ACH-000759,Drug_1087
0.7233,0.7233,ACH-000759,Drug_1127
0.8739,0.8739,ACH-000759,Drug_685
0.8423,0.8423,ACH-000759,Drug_413
0.9495,0.9495,ACH-000759,Drug_1520
0.7611,0.7611,ACH-000759,Drug_883
0.8621,0.8621,ACH-000759,Drug_802
0.9626,0.9626,ACH-000759,Drug_1507
0.7634,0.7634,ACH-000759,Drug_665
0.8751,0.8751,ACH-000759,Drug_1005
0.9118,0.9118,ACH-000759,Drug_1040
0.924,0.924,ACH-000764,Drug_1326
0.8689,0.8689,ACH-000764,Drug_558
0.7167,0.7167,ACH-000764,Drug_895
0.7171,0.7171,ACH-000764,Drug_195
0.8825,0.8825,ACH-000764,Drug_1279
0.8957,0.8957,ACH-000764,Drug_1087
0.9728,0.9728,ACH-000764,Drug_768
0.3745,0.3745,ACH-000764,Drug_1127
0.9828,0.9828,ACH-000764,Drug_685
0.8352,0.8352,ACH-000764,Drug_564
0.7683,0.7683,ACH-000764,Drug_870
0.8231,0.8231,ACH-000764,Drug_1520
0.9073,0.9073,ACH-000764,Drug_643
0.8936,0.8936,ACH-000764,Drug_883
0.9616,0.9616,ACH-000764,Drug_802
0.9124,0.9124,ACH-000764,Drug_435
0.7829,0.7829,ACH-000765,Drug_1326
0.5375,0.5375,ACH-000765,Drug_490
0.8121,0.8121,ACH-000765,Drug_558
0.7225,0.7225,ACH-000765,Drug_895
0.701,0.701,ACH-000765,Drug_195
0.3618,0.3618,ACH-000765,Drug_1087
0.716,0.716,ACH-000765,Drug_768
0.4381,0.4381,ACH-000765,Drug_1127
0.5122,0.5122,ACH-000765,Drug_685
0.8143,0.8143,ACH-000765,Drug_413
0.6432,0.6432,ACH-000765,Drug_564
0.6258,0.6258,ACH-000765,Drug_870
0.7038,0.7038,ACH-000765,Drug_1520
0.8296,0.8296,ACH-000765,Drug_643
0.9864,0.9864,ACH-000765,Drug_883
0.5557,0.5557,ACH-000765,Drug_614
0.8367,0.8367,ACH-000765,Drug_802
0.7855,0.7855,ACH-000765,Drug_435
0.9608,0.9608,ACH-000765,Drug_1507
0.7748,0.7748,ACH-000765,Drug_665
0.8026,0.8026,ACH-000766,Drug_749
0.892,0.892,ACH-000766,Drug_1326
0.4898,0.4898,ACH-000766,Drug_490
0.9489,0.9489,ACH-000766,Drug_558
0.709,0.709,ACH-000766,Drug_195
0.8754,0.8754,ACH-000766,Drug_1087
0.8741,0.8741,ACH-000766,Drug_768
0.28,0.28,ACH-000766,Drug_1127
0.8975,0.8975,ACH-000766,Drug_685
0.7811,0.7811,ACH-000766,Drug_413
0.8223,0.8223,ACH-000766,Drug_564
0.7264,0.7264,ACH-000766,Drug_870
0.8542,0.8542,ACH-000766,Drug_1520
0.8371,0.8371,ACH-000766,Drug_643
0.8895,0.8895,ACH-000766,Drug_883
0.7329,0.7329,ACH-000766,Drug_435
0.8317,0.8317,ACH-000766,Drug_1507
0.8325,0.8325,ACH-000766,Drug_665
0.9402,0.9402,ACH-000766,Drug_1005
0.8253,0.8253,ACH-000766,Drug_1040
0.8419,0.8419,ACH-000770,Drug_749
0.9529,0.9529,ACH-000770,Drug_1326
0.7808,0.7808,ACH-000770,Drug_558
0.5446,0.5446,ACH-000770,Drug_195
0.8904,0.8904,ACH-000770,Drug_1279
0.5253,0.5253,ACH-000770,Drug_1087
0.9411,0.9411,ACH-000770,Drug_768
0.427,0.427,ACH-000770,Drug_1127
0.5925,0.5925,ACH-000770,Drug_685
0.9682,0.9682,ACH-000770,Drug_413
0.951,0.951,ACH-000770,Drug_564
0.6539,0.6539,ACH-000770,Drug_870
0.7789,0.7789,ACH-000770,Drug_1520
0.8471,0.8471,ACH-000770,Drug_643
0.8343,0.8343,ACH-000770,Drug_883
0.6404,0.6404,ACH-000770,Drug_614
0.7751,0.7751,ACH-000770,Drug_802
0.8532,0.8532,ACH-000770,Drug_435
0.949,0.949,ACH-000770,Drug_1507
0.9869,0.9869,ACH-000770,Drug_665
0.8505,0.8505,ACH-000770,Drug_1005
0.7717,0.7717,ACH-000770,Drug_1040
0.7643,0.7643,ACH-000775,Drug_749
0.8078,0.8078,ACH-000775,Drug_1326
0.958,0.958,ACH-000775,Drug_558
0.8092,0.8092,ACH-000775,Drug_895
0.9338,0.9338,ACH-000775,Drug_1279
0.7569,0.7569,ACH-000775,Drug_1127
0.7221,0.7221,ACH-000775,Drug_685
0.9137,0.9137,ACH-000775,Drug_413
0.9559,0.9559,ACH-000775,Drug_564
0.8297,0.8297,ACH-000775,Drug_870
0.7572,0.7572,ACH-000775,Drug_1520
0.8488,0.8488,ACH-000775,Drug_643
0.9599,0.9599,ACH-000775,Drug_802
0.9296,0.9296,ACH-000775,Drug_435
0.9376,0.9376,ACH-000775,Drug_1507
0.8846,0.8846,ACH-000775,Drug_665
0.8402,0.8402,ACH-000775,Drug_1005
0.9277,0.9277,ACH-000776,Drug_749
0.9353,0.9353,ACH-000776,Drug_1326
0.5241,0.5241,ACH-000776,Drug_490
0.7723,0.7723,ACH-000776,Drug_558
0.6192,0.6192,ACH-000776,Drug_895
0.9085,0.9085,ACH-000776,Drug_1279
0.5317,0.5317,ACH-000776,Drug_1087
0.6639,0.6639,ACH-000776,Drug_685
0.8434,0.8434,ACH-000776,Drug_413
0.947,0.947,ACH-000776,Drug_564
0.7515,0.7515,ACH-000776,Drug_870
0.8851,0.8851,ACH-000776,Drug_1520
0.8466,0.8466,ACH-000776,Drug_643
0.9779,0.9779,ACH-000776,Drug_883
0.9955,0.9955,ACH-000776,Drug_802
0.8516,0.8516,ACH-000776,Drug_435
0.862,0.862,ACH-000776,Drug_1507
0.9078,0.9078,ACH-000776,Drug_665
0.9073,0.9073,ACH-000776,Drug_1005
0.9801,0.9801,ACH-000776,Drug_1040
0.8242,0.8242,ACH-000777,Drug_749
0.9066,0.9066,ACH-000777,Drug_1326
0.5461,0.5461,ACH-000777,Drug_490
0.8325,0.8325,ACH-000777,Drug_558
0.6674,0.6674,ACH-000777,Drug_895
0.6393,0.6393,ACH-000777,Drug_195
0.9515,0.9515,ACH-000777,Drug_1279
0.5471,0.5471,ACH-000777,Drug_1087
0.9678,0.9678,ACH-000777,Drug_768
0.4066,0.4066,ACH-000777,Drug_1127
0.657,0.657,ACH-000777,Drug_685
0.8172,0.8172,ACH-000777,Drug_413
0.9076,0.9076,ACH-000777,Drug_564
0.831,0.831,ACH-000777,Drug_1520
0.9069,0.9069,ACH-000777,Drug_643
0.8785,0.8785,ACH-000777,Drug_883
0.6788,0.6788,ACH-000777,Drug_614
0.9802,0.9802,ACH-000777,Drug_802
0.8157,0.8157,ACH-000777,Drug_435
0.8518,0.8518,ACH-000777,Drug_665
0.8993,0.8993,ACH-000777,Drug_1005
0.9961,0.9961,ACH-000777,Drug_1040
0.8443,0.8443,ACH-000781,Drug_1326
0.6502,0.6502,ACH-000781,Drug_195
0.8545,0.8545,ACH-000781,Drug_1279
0.7728,0.7728,ACH-000781,Drug_1087
0.8553,0.8553,ACH-000781,Drug_768
0.3984,0.3984,ACH-000781,Drug_1127
0.851,0.851,ACH-000781,Drug_413
0.8253,0.8253,ACH-000781,Drug_870
0.7418,0.7418,ACH-000781,Drug_1520
0.7854,0.7854,ACH-000781,Drug_643
0.9456,0.9456,ACH-000781,Drug_883
0.5638,0.5638,ACH-000781,Drug_614
0.8395,0.8395,ACH-000781,Drug_802
0.9163,0.9163,ACH-000781,Drug_435
0.8204,0.8204,ACH-000781,Drug_1507
0.8231,0.8231,ACH-000781,Drug_665
0.7518,0.7518,ACH-000781,Drug_1005
0.9748,0.9748,ACH-000781,Drug_1040
0.8485,0.8485,ACH-000783,Drug_749
0.397,0.397,ACH-000783,Drug_490
0.8516,0.8516,ACH-000783,Drug_558
0.5876,0.5876,ACH-000783,Drug_895
0.8557,0.8557,ACH-000783,Drug_1279
0.8947,0.8947,ACH-000783,Drug_1087
0.9328,0.9328,ACH-000783,Drug_768
0.9451,0.9451,ACH-000783,Drug_685
0.8149,0.8149,ACH-000783,Drug_413
0.9713,0.9713,ACH-000783,Drug_564
0.8958,0.8958,ACH-000783,Drug_643
0.5842,0.5842,ACH-000783,Drug_614
0.8956,0.8956,ACH-000783,Drug_802
0.9417,0.9417,ACH-000783,Drug_435
0.9863,0.9863,ACH-000783,Drug_1507
0.838,0.838,ACH-000783,Drug_1005
0.828,0.828,ACH-000783,Drug_1040
0.6836,0.6836,ACH-000784,Drug_749
0.4597,0.4597,ACH-000784,Drug_490
0.9348,0.9348,ACH-000784,Drug_1279
0.6378,0.6378,ACH-000784,Drug_1087
0.4022,0.4022,ACH-000784,Drug_1127
0.7782,0.7782,ACH-000784,Drug_685
0.8761,0.8761,ACH-000784,Drug_564
0.7542,0.7542,ACH-000784,Drug_1520
0.7625,0.7625,ACH-000784,Drug_643
0.7359,0.7359,ACH-000784,Drug_883
0.5598,0.5598,ACH-000784,Drug_614
0.7445,0.7445,ACH-000784,Drug_435
0.878,0.878,ACH-000784,Drug_1507
0.79,0.79,ACH-000784,Drug_665
0.8979,0.8979,ACH-000784,Drug_1005
0.7701,0.7701,ACH-000788,Drug_749
0.8443,0.8443,ACH-000788,Drug_1326
0.4962,0.4962,ACH-000788,Drug_490
0.9402,0.9402,ACH-000788,Drug_558
0.5683,0.5683,ACH-000788,Drug_895
0.6747,0.6747,ACH-000788,Drug_1087
1.0,1.0,ACH-000788,Drug_768
0.2603,0.2603,ACH-000788,Drug_1127
0.7646,0.7646,ACH-000788,Drug_685
0.8532,0.8532,ACH-000788,Drug_413
0.9034,0.9034,ACH-000788,Drug_564
0.7824,0.7824,ACH-000788,Drug_870
0.7796,0.7796,ACH-000788,Drug_1520
0.7827,0.7827,ACH-000788,Drug_643
0.9785,0.9785,ACH-000788,Drug_883
0.8361,0.8361,ACH-000788,Drug_802
0.8941,0.8941,ACH-000788,Drug_435
0.9672,0.9672,ACH-000788,Drug_1507
0.9179,0.9179,ACH-000788,Drug_665
0.8733,0.8733,ACH-000788,Drug_1005
0.855,0.855,ACH-000788,Drug_1040
0.7681,0.7681,ACH-000789,Drug_749
0.9508,0.9508,ACH-000789,Drug_1326
0.3949,0.3949,ACH-000789,Drug_490
0.6225,0.6225,ACH-000789,Drug_895
0.7659,0.7659,ACH-000789,Drug_195
0.9891,0.9891,ACH-000789,Drug_1087
0.9411,0.9411,ACH-000789,Drug_768
0.5209,0.5209,ACH-000789,Drug_1127
0.9879,0.9879,ACH-000789,Drug_685
0.9688,0.9688,ACH-000789,Drug_883
0.9787,0.9787,ACH-000789,Drug_802
0.955,0.955,ACH-000789,Drug_1507
0.8896,0.8896,ACH-000789,Drug_1005
0.9515,0.9515,ACH-000790,Drug_1326
0.5218,0.5218,ACH-000790,Drug_490
0.9857,0.9857,ACH-000790,Drug_558
0.8118,0.8118,ACH-000790,Drug_195
0.8943,0.8943,ACH-000790,Drug_1087
1.0,1.0,ACH-000790,Drug_768
0.9636,0.9636,ACH-000790,Drug_685
0.9665,0.9665,ACH-000790,Drug_413
0.9784,0.9784,ACH-000790,Drug_564
0.8292,0.8292,ACH-000790,Drug_1520
0.9711,0.9711,ACH-000790,Drug_883
0.6355,0.6355,ACH-000790,Drug_614
0.9695,0.9695,ACH-000790,Drug_435
0.98,0.98,ACH-000790,Drug_1507
0.9652,0.9652,ACH-000790,Drug_665
0.9405,0.9405,ACH-000790,Drug_1005
0.9422,0.9422,ACH-000790,Drug_1040
0.8575,0.8575,ACH-000792,Drug_1326
0.5038,0.5038,ACH-000792,Drug_490
0.6029,0.6029,ACH-000792,Drug_195
0.871,0.871,ACH-000792,Drug_1087
0.879,0.879,ACH-000792,Drug_768
0.4599,0.4599,ACH-000792,Drug_1127
0.8983,0.8983,ACH-000792,Drug_685
0.9828,0.9828,ACH-000792,Drug_564
0.8614,0.8614,ACH-000792,Drug_870
0.8045,0.8045,ACH-000792,Drug_1520
0.7935,0.7935,ACH-000792,Drug_643
0.966,0.966,ACH-000792,Drug_883
0.613,0.613,ACH-000792,Drug_614
0.8553,0.8553,ACH-000792,Drug_802
0.9629,0.9629,ACH-000792,Drug_435
0.823,0.823,ACH-000792,Drug_1005
0.8569,0.8569,ACH-000792,Drug_1040
0.7818,0.7818,ACH-000796,Drug_749
0.5025,0.5025,ACH-000796,Drug_490
0.8208,0.8208,ACH-000796,Drug_558
0.6183,0.6183,ACH-000796,Drug_895
0.6395,0.6395,ACH-000796,Drug_195
0.6823,0.6823,ACH-000796,Drug_1087
0.8532,0.8532,ACH-000796,Drug_768
0.3166,0.3166,ACH-000796,Drug_1127
0.7902,0.7902,ACH-000796,Drug_685
0.8401,0.8401,ACH-000796,Drug_413
0.8142,0.8142,ACH-000796,Drug_870
0.7914,0.7914,ACH-000796,Drug_1520
0.9568,0.9568,ACH-000796,Drug_883
0.9603,0.9603,ACH-000796,Drug_802
0.7957,0.7957,ACH-000796,Drug_435
0.9696,0.9696,ACH-000796,Drug_1507
0.839,0.839,ACH-000796,Drug_1005
0.9797,0.9797,ACH-000796,Drug_1040
0.7894,0.7894,ACH-000799,Drug_749
0.9138,0.9138,ACH-000799,Drug_1326
0.4391,0.4391,ACH-000799,Drug_490
0.9866,0.9866,ACH-000799,Drug_558
0.6706,0.6706,ACH-000799,Drug_895
0.7052,0.7052,ACH-000799,Drug_195
0.8941,0.8941,ACH-000799,Drug_1279
0.6968,0.6968,ACH-000799,Drug_1087
0.9433,0.9433,ACH-000799,Drug_768
0.6393,0.6393,ACH-000799,Drug_1127
0.8162,0.8162,ACH-000799,Drug_685
0.8412,0.8412,ACH-000799,Drug_413
0.7979,0.7979,ACH-000799,Drug_870
0.5866,0.5866,ACH-000799,Drug_614
0.9765,0.9765,ACH-000799,Drug_802
0.9329,0.9329,ACH-000799,Drug_1507
0.9527,0.9527,ACH-000799,Drug_665
0.8276,0.8276,ACH-000799,Drug_1005
0.8553,0.8553,ACH-000799,Drug_1040
0.8083,0.8083,ACH-000805,Drug_749
0.9417,0.9417,ACH-000805,Drug_1326
0.4461,0.4461,ACH-000805,Drug_490
0.6461,0.6461,ACH-000805,Drug_895
0.6578,0.6578,ACH-000805,Drug_195
0.8277,0.8277,ACH-000805,Drug_768
0.507,0.507,ACH-000805,Drug_1127
0.6034,0.6034,ACH-000805,Drug_685
0.6548,0.6548,ACH-000805,Drug_870
0.5672,0.5672,ACH-000805,Drug_614
0.8216,0.8216,ACH-000805,Drug_802
0.984,0.984,ACH-000805,Drug_435
0.8054,0.8054,ACH-000805,Drug_1507
0.8401,0.8401,ACH-000805,Drug_665
0.8308,0.8308,ACH-000805,Drug_1040
0.7658,0.7658,ACH-000810,Drug_749
0.9199,0.9199,ACH-000810,Drug_1326
0.545,0.545,ACH-000810,Drug_490
0.6782,0.6782,ACH-000810,Drug_895
0.721,0.721,ACH-000810,Drug_195
0.9332,0.9332,ACH-000810,Drug_1279
0.4462,0.4462,ACH-000810,Drug_1087
0.9709,0.9709,ACH-000810,Drug_768
0.5595,0.5595,ACH-000810,Drug_1127
0.5804,0.5804,ACH-000810,Drug_685
0.8593,0.8593,ACH-000810,Drug_413
0.9795,0.9795,ACH-000810,Drug_564
0.7181,0.7181,ACH-000810,Drug_870
0.8982,0.8982,ACH-000810,Drug_1520
0.8731,0.8731,ACH-000810,Drug_643
0.9646,0.9646,ACH-000810,Drug_883
0.9709,0.9709,ACH-000810,Drug_802
0.8486,0.8486,ACH-000810,Drug_435
0.9617,0.9617,ACH-000810,Drug_1507
0.9756,0.9756,ACH-000810,Drug_665
0.839,0.839,ACH-000810,Drug_1005
1.0,1.0,ACH-000810,Drug_1040
0.8703,0.8703,ACH-000811,Drug_1326
0.5554,0.5554,ACH-000811,Drug_490
0.6443,0.6443,ACH-000811,Drug_895
0.7074,0.7074,ACH-000811,Drug_195
0.6744,0.6744,ACH-000811,Drug_1279
0.8608,0.8608,ACH-000811,Drug_1087
0.392,0.392,ACH-000811,Drug_1127
0.9479,0.9479,ACH-000811,Drug_685
0.9765,0.9765,ACH-000811,Drug_413
0.8957,0.8957,ACH-000811,Drug_564
0.7388,0.7388,ACH-000811,Drug_870
0.8134,0.8134,ACH-000811,Drug_1520
0.8183,0.8183,ACH-000811,Drug_643
0.8491,0.8491,ACH-000811,Drug_883
0.6928,0.6928,ACH-000811,Drug_614
0.8517,0.8517,ACH-000811,Drug_802
0.8372,0.8372,ACH-000811,Drug_435
0.8423,0.8423,ACH-000811,Drug_1507
0.8057,0.8057,ACH-000811,Drug_665
0.9866,0.9866,ACH-000811,Drug_1005
0.9647,0.9647,ACH-000811,Drug_1040
0.8779,0.8779,ACH-000814,Drug_749
0.7739,0.7739,ACH-000814,Drug_1326
0.4756,0.4756,ACH-000814,Drug_490
0.989,0.989,ACH-000814,Drug_558
0.7692,0.7692,ACH-000814,Drug_195
0.7789,0.7789,ACH-000814,Drug_1279
0.6264,0.6264,ACH-000814,Drug_1087
0.8262,0.8262,ACH-000814,Drug_768
0.5737,0.5737,ACH-000814,Drug_1127
0.6869,0.6869,ACH-000814,Drug_685
0.7929,0.7929,ACH-000814,Drug_564
0.8343,0.8343,ACH-000814,Drug_1520
0.809,0.809,ACH-000814,Drug_643
0.8616,0.8616,ACH-000814,Drug_802
0.8446,0.8446,ACH-000814,Drug_435
0.932,0.932,ACH-000814,Drug_1507
0.6999,0.6999,ACH-000820,Drug_749
0.8492,0.8492,ACH-000820,Drug_1326
0.9653,0.9653,ACH-000820,Drug_558
0.5537,0.5537,ACH-000820,Drug_895
0.4779,0.4779,ACH-000820,Drug_195
0.9266,0.9266,ACH-000820,Drug_1279
0.4662,0.4662,ACH-000820,Drug_1087
0.8235,0.8235,ACH-000820,Drug_768
0.5756,0.5756,ACH-000820,Drug_685
0.855,0.855,ACH-000820,Drug_413
1.0,1.0,ACH-000820,Drug_564
0.7075,0.7075,ACH-000820,Drug_1520
0.8216,0.8216,ACH-000820,Drug_643
0.8383,0.8383,ACH-000820,Drug_883
0.839,0.839,ACH-000820,Drug_802
0.7432,0.7432,ACH-000820,Drug_435
0.9699,0.9699,ACH-000820,Drug_1507
0.8738,0.8738,ACH-000820,Drug_665
0.8045,0.8045,ACH-000820,Drug_1005
0.9177,0.9177,ACH-000820,Drug_1040
0.835,0.835,ACH-000822,Drug_1326
0.9819,0.9819,ACH-000822,Drug_558
0.6034,0.6034,ACH-000822,Drug_895
0.7043,0.7043,ACH-000822,Drug_195
0.5965,0.5965,ACH-000822,Drug_1087
0.958,0.958,ACH-000822,Drug_768
0.6074,0.6074,ACH-000822,Drug_1127
0.7257,0.7257,ACH-000822,Drug_685
0.8032,0.8032,ACH-000822,Drug_413
0.7665,0.7665,ACH-000822,Drug_564
0.7916,0.7916,ACH-000822,Drug_870
0.7645,0.7645,ACH-000822,Drug_1520
0.9094,0.9094,ACH-000822,Drug_643
0.9536,0.9536,ACH-000822,Drug_883
0.5341,0.5341,ACH-000822,Drug_614
0.8401,0.8401,ACH-000822,Drug_802
0.9407,0.9407,ACH-000822,Drug_1507
0.91,0.91,ACH-000822,Drug_665
0.8253,0.8253,ACH-000822,Drug_1005
0.9668,0.9668,ACH-000822,Drug_1040
0.8412,0.8412,ACH-000823,Drug_558
0.6585,0.6585,ACH-000823,Drug_195
0.7983,0.7983,ACH-000823,Drug_1279
0.7014,0.7014,ACH-000823,Drug_1087
0.3451,0.3451,ACH-000823,Drug_1127
0.9084,0.9084,ACH-000823,Drug_685
0.7884,0.7884,ACH-000823,Drug_1520
0.7506,0.7506,ACH-000823,Drug_643
0.727,0.727,ACH-000823,Drug_614
0.7917,0.7917,ACH-000823,Drug_802
0.6772,0.6772,ACH-000823,Drug_435
0.91,0.91,ACH-000823,Drug_1507
0.9061,0.9061,ACH-000823,Drug_1005
0.9608,0.9608,ACH-000824,Drug_1326
0.5457,0.5457,ACH-000824,Drug_490
0.8292,0.8292,ACH-000824,Drug_558
0.5118,0.5118,ACH-000824,Drug_195
0.9423,0.9423,ACH-000824,Drug_1279
0.9245,0.9245,ACH-000824,Drug_1087
0.24,0.24,ACH-000824,Drug_1127
0.9428,0.9428,ACH-000824,Drug_564
0.8216,0.8216,ACH-000824,Drug_1520
0.8262,0.8262,ACH-000824,Drug_643
0.8412,0.8412,ACH-000824,Drug_883
0.5701,0.5701,ACH-000824,Drug_614
0.8198,0.8198,ACH-000824,Drug_802
0.9343,0.9343,ACH-000824,Drug_435
0.83,0.83,ACH-000824,Drug_1507
0.8459,0.8459,ACH-000824,Drug_665
0.9881,0.9881,ACH-000824,Drug_1005
0.975,0.975,ACH-000824,Drug_1040
0.6384,0.6384,ACH-000826,Drug_749
0.6406,0.6406,ACH-000826,Drug_1326
0.452,0.452,ACH-000826,Drug_490
0.8129,0.8129,ACH-000826,Drug_558
0.7109,0.7109,ACH-000826,Drug_195
0.7841,0.7841,ACH-000826,Drug_1279
0.6675,0.6675,ACH-000826,Drug_1087
0.3663,0.3663,ACH-000826,Drug_1127
0.6416,0.6416,ACH-000826,Drug_1520
0.7345,0.7345,ACH-000826,Drug_643
0.6852,0.6852,ACH-000826,Drug_883
0.6983,0.6983,ACH-000826,Drug_802
0.9074,0.9074,ACH-000826,Drug_1507
0.7828,0.7828,ACH-000826,Drug_665
0.7891,0.7891,ACH-000826,Drug_1005
0.7494,0.7494,ACH-000827,Drug_749
0.8734,0.8734,ACH-000827,Drug_1326
0.5095,0.5095,ACH-000827,Drug_490
0.9704,0.9704,ACH-000827,Drug_558
0.5096,0.5096,ACH-000827,Drug_895
0.5763,0.5763,ACH-000827,Drug_195
0.775,0.775,ACH-000827,Drug_1279
0.6508,0.6508,ACH-000827,Drug_1087
0.7924,0.7924,ACH-000827,Drug_768
0.3518,0.3518,ACH-000827,Drug_1127
0.7912,0.7912,ACH-000827,Drug_685
0.8029,0.8029,ACH-000827,Drug_413
0.7932,0.7932,ACH-000827,Drug_564
0.705,0.705,ACH-000827,Drug_870
0.7934,0.7934,ACH-000827,Drug_1520
0.3972,0.3972,ACH-000827,Drug_614
0.81,0.81,ACH-000827,Drug_802
0.8594,0.8594,ACH-000827,Drug_435
0.8334,0.8334,ACH-000827,Drug_1507
0.9176,0.9176,ACH-000827,Drug_665
0.8194,0.8194,ACH-000827,Drug_1005
0.794,0.794,ACH-000827,Drug_1040
0.8849,0.8849,ACH-000828,Drug_1326
0.3931,0.3931,ACH-000828,Drug_490
0.7796,0.7796,ACH-000828,Drug_558
0.681,0.681,ACH-000828,Drug_895
0.8896,0.8896,ACH-000828,Drug_1279
1.0,1.0,ACH-000828,Drug_1087
0.637,0.637,ACH-000828,Drug_1127
0.9762,0.9762,ACH-000828,Drug_685
0.9166,0.9166,ACH-000828,Drug_413
0.9678,0.9678,ACH-000828,Drug_564
0.7336,0.7336,ACH-000828,Drug_870
0.9006,0.9006,ACH-000828,Drug_1520
0.8016,0.8016,ACH-000828,Drug_643
0.9409,0.9409,ACH-000828,Drug_883
0.6769,0.6769,ACH-000828,Drug_614
0.8268,0.8268,ACH-000828,Drug_802
0.522,0.522,ACH-000828,Drug_435
0.9436,0.9436,ACH-000828,Drug_1507
0.9835,0.9835,ACH-000828,Drug_665
0.7692,0.7692,ACH-000832,Drug_749
0.4686,0.4686,ACH-000832,Drug_490
0.9314,0.9314,ACH-000832,Drug_558
0.5352,0.5352,ACH-000832,Drug_195
0.9214,0.9214,ACH-000832,Drug_1279
0.6201,0.6201,ACH-000832,Drug_1087
0.9741,0.9741,ACH-000832,Drug_768
0.257,0.257,ACH-000832,Drug_1127
0.6625,0.6625,ACH-000832,Drug_685
0.9763,0.9763,ACH-000832,Drug_564
0.786,0.786,ACH-000832,Drug_870
0.8391,0.8391,ACH-000832,Drug_1520
0.8553,0.8553,ACH-000832,Drug_643
0.6659,0.6659,ACH-000832,Drug_883
0.5279,0.5279,ACH-000832,Drug_614
0.8499,0.8499,ACH-000832,Drug_802
0.6997,0.6997,ACH-000832,Drug_435
0.7418,0.7418,ACH-000832,Drug_665
0.8413,0.8413,ACH-000832,Drug_1005
0.9202,0.9202,ACH-000832,Drug_1040
0.7552,0.7552,ACH-000835,Drug_749
0.8238,0.8238,ACH-000835,Drug_1326
0.8268,0.8268,ACH-000835,Drug_558
0.4753,0.4753,ACH-000835,Drug_895
0.5027,0.5027,ACH-000835,Drug_195
0.7179,0.7179,ACH-000835,Drug_1279
0.7413,0.7413,ACH-000835,Drug_1087
0.327,0.327,ACH-000835,Drug_1127
0.8655,0.8655,ACH-000835,Drug_685
0.6267,0.6267,ACH-000835,Drug_870
0.801,0.801,ACH-000835,Drug_643
0.8294,0.8294,ACH-000835,Drug_883
0.6372,0.6372,ACH-000835,Drug_614
0.7757,0.7757,ACH-000835,Drug_802
0.8294,0.8294,ACH-000835,Drug_435
0.9813,0.9813,ACH-000835,Drug_1507
0.8108,0.8108,ACH-000835,Drug_665
0.777,0.777,ACH-000835,Drug_1005
0.8165,0.8165,ACH-000835,Drug_1040
0.7804,0.7804,ACH-000838,Drug_1326
0.3748,0.3748,ACH-000838,Drug_490
0.7812,0.7812,ACH-000838,Drug_558
0.5434,0.5434,ACH-000838,Drug_895
0.85,0.85,ACH-000838,Drug_1279
0.6567,0.6567,ACH-000838,Drug_1087
0.3019,0.3019,ACH-000838,Drug_1127
0.7476,0.7476,ACH-000838,Drug_413
0.8245,0.8245,ACH-000838,Drug_564
0.758,0.758,ACH-000838,Drug_870
0.6049,0.6049,ACH-000838,Drug_1520
0.7537,0.7537,ACH-000838,Drug_643
0.9207,0.9207,ACH-000838,Drug_883
0.4294,0.4294,ACH-000838,Drug_614
0.775,0.775,ACH-000838,Drug_802
0.7794,0.7794,ACH-000838,Drug_1507
0.7721,0.7721,ACH-000838,Drug_1040
0.812,0.812,ACH-000839,Drug_749
0.4603,0.4603,ACH-000839,Drug_490
0.8317,0.8317,ACH-000839,Drug_558
0.5955,0.5955,ACH-000839,Drug_895
0.6602,0.6602,ACH-000839,Drug_195
0.6646,0.6646,ACH-000839,Drug_1087
0.907,0.907,ACH-000839,Drug_768
0.287,0.287,ACH-000839,Drug_1127
0.7511,0.7511,ACH-000839,Drug_685
0.7127,0.7127,ACH-000839,Drug_870
0.7979,0.7979,ACH-000839,Drug_643
0.7184,0.7184,ACH-000839,Drug_883
0.8459,0.8459,ACH-000839,Drug_802
0.9348,0.9348,ACH-000839,Drug_1507
0.7067,0.7067,ACH-000839,Drug_665
0.8582,0.8582,ACH-000839,Drug_1005
0.9864,0.9864,ACH-000839,Drug_1040
0.8133,0.8133,ACH-000841,Drug_749
0.9265,0.9265,ACH-000841,Drug_1326
0.5631,0.5631,ACH-000841,Drug_490
0.851,0.851,ACH-000841,Drug_558
0.5596,0.5596,ACH-000841,Drug_195
0.957,0.957,ACH-000841,Drug_1279
0.4994,0.4994,ACH-000841,Drug_1087
0.8991,0.8991,ACH-000841,Drug_768
0.4208,0.4208,ACH-000841,Drug_1127
0.7954,0.7954,ACH-000841,Drug_413
0.8012,0.8012,ACH-000841,Drug_564
0.7608,0.7608,ACH-000841,Drug_870
0.7993,0.7993,ACH-000841,Drug_1520
0.8133,0.8133,ACH-000841,Drug_643
0.8578,0.8578,ACH-000841,Drug_883
0.6871,0.6871,ACH-000841,Drug_614
0.898,0.898,ACH-000841,Drug_802
0.8365,0.8365,ACH-000841,Drug_435
0.965,0.965,ACH-000841,Drug_1507
0.9165,0.9165,ACH-000841,Drug_665
0.839,0.839,ACH-000841,Drug_1005
0.8535,0.8535,ACH-000841,Drug_1040
0.7882,0.7882,ACH-000842,Drug_749
0.8849,0.8849,ACH-000842,Drug_1326
0.9665,0.9665,ACH-000842,Drug_1279
0.6067,0.6067,ACH-000842,Drug_1087
0.5339,0.5339,ACH-000842,Drug_1127
0.724,0.724,ACH-000842,Drug_685
0.9746,0.9746,ACH-000842,Drug_413
0.9852,0.9852,ACH-000842,Drug_564
0.735,0.735,ACH-000842,Drug_870
0.7767,0.7767,ACH-000842,Drug_1520
0.6545,0.6545,ACH-000842,Drug_614
1.0,1.0,ACH-000842,Drug_802
0.8907,0.8907,ACH-000842,Drug_435
0.9251,0.9251,ACH-000842,Drug_665
0.8158,0.8158,ACH-000842,Drug_1005
0.986,0.986,ACH-000842,Drug_1040
0.8684,0.8684,ACH-000843,Drug_749
0.548,0.548,ACH-000843,Drug_490
0.9558,0.9558,ACH-000843,Drug_558
0.7674,0.7674,ACH-000843,Drug_1087
0.3476,0.3476,ACH-000843,Drug_1127
0.8887,0.8887,ACH-000843,Drug_685
0.9421,0.9421,ACH-000843,Drug_564
0.8091,0.8091,ACH-000843,Drug_870
0.8081,0.8081,ACH-000843,Drug_1520
0.6318,0.6318,ACH-000843,Drug_614
0.9092,0.9092,ACH-000843,Drug_802
0.798,0.798,ACH-000843,Drug_435
0.9475,0.9475,ACH-000843,Drug_1507
0.8595,0.8595,ACH-000843,Drug_665
0.8412,0.8412,ACH-000843,Drug_1005
0.8993,0.8993,ACH-000843,Drug_1040
0.8912,0.8912,ACH-000846,Drug_749
0.7737,0.7737,ACH-000846,Drug_1326
0.9303,0.9303,ACH-000846,Drug_1279
0.6964,0.6964,ACH-000846,Drug_1087
0.898,0.898,ACH-000846,Drug_768
0.5035,0.5035,ACH-000846,Drug_1127
0.7885,0.7885,ACH-000846,Drug_413
0.757,0.757,ACH-000846,Drug_870
0.7895,0.7895,ACH-000846,Drug_1520
0.7752,0.7752,ACH-000846,Drug_643
0.7523,0.7523,ACH-000846,Drug_883
0.4439,0.4439,ACH-000846,Drug_614
0.8808,0.8808,ACH-000846,Drug_802
0.9527,0.9527,ACH-000846,Drug_1507
0.8292,0.8292,ACH-000846,Drug_1005
0.8332,0.8332,ACH-000846,Drug_1040
0.7705,0.7705,ACH-000847,Drug_749
0.7784,0.7784,ACH-000847,Drug_1326
0.4768,0.4768,ACH-000847,Drug_490
0.8279,0.8279,ACH-000847,Drug_558
0.7536,0.7536,ACH-000847,Drug_895
0.7402,0.7402,ACH-000847,Drug_195
0.9376,0.9376,ACH-000847,Drug_1279
0.9934,0.9934,ACH-000847,Drug_1087
0.7678,0.7678,ACH-000847,Drug_768
0.357,0.357,ACH-000847,Drug_1127
0.9778,0.9778,ACH-000847,Drug_685
0.7868,0.7868,ACH-000847,Drug_413
0.9365,0.9365,ACH-000847,Drug_564
0.7323,0.7323,ACH-000847,Drug_870
0.7188,0.7188,ACH-000847,Drug_643
0.845,0.845,ACH-000847,Drug_883
0.9678,0.9678,ACH-000847,Drug_802
0.9666,0.9666,ACH-000847,Drug_1507
0.8202,0.8202,ACH-000847,Drug_665
0.7188,0.7188,ACH-000849,Drug_749
0.7182,0.7182,ACH-000849,Drug_1326
0.5739,0.5739,ACH-000849,Drug_490
0.8045,0.8045,ACH-000849,Drug_558
0.5309,0.5309,ACH-000849,Drug_895
0.5571,0.5571,ACH-000849,Drug_195
0.8774,0.8774,ACH-000849,Drug_1279
0.8381,0.8381,ACH-000849,Drug_768
0.8698,0.8698,ACH-000849,Drug_685
0.8441,0.8441,ACH-000849,Drug_413
0.9609,0.9609,ACH-000849,Drug_564
0.6984,0.6984,ACH-000849,Drug_870
0.7436,0.7436,ACH-000849,Drug_643
0.7136,0.7136,ACH-000849,Drug_883
0.737,0.737,ACH-000849,Drug_614
0.7329,0.7329,ACH-000849,Drug_435
0.8845,0.8845,ACH-000849,Drug_1507
0.8127,0.8127,ACH-000849,Drug_665
0.8642,0.8642,ACH-000849,Drug_1005
0.7631,0.7631,ACH-000849,Drug_1040
0.8801,0.8801,ACH-000851,Drug_749
0.965,0.965,ACH-000851,Drug_558
0.691,0.691,ACH-000851,Drug_195
0.8286,0.8286,ACH-000851,Drug_1279
0.2959,0.2959,ACH-000851,Drug_1127
0.9261,0.9261,ACH-000851,Drug_685
0.962,0.962,ACH-000851,Drug_564
0.8167,0.8167,ACH-000851,Drug_643
0.5798,0.5798,ACH-000851,Drug_614
0.9186,0.9186,ACH-000851,Drug_435
0.955,0.955,ACH-000851,Drug_1507
0.9399,0.9399,ACH-000851,Drug_665
0.9178,0.9178,ACH-000851,Drug_1005
0.9874,0.9874,ACH-000851,Drug_1040
0.8044,0.8044,ACH-000853,Drug_1326
0.3789,0.3789,ACH-000853,Drug_490
0.8638,0.8638,ACH-000853,Drug_558
0.6287,0.6287,ACH-000853,Drug_895
0.783,0.783,ACH-000853,Drug_195
0.8866,0.8866,ACH-000853,Drug_768
0.6827,0.6827,ACH-000853,Drug_1127
0.9684,0.9684,ACH-000853,Drug_685
0.8379,0.8379,ACH-000853,Drug_413
0.9789,0.9789,ACH-000853,Drug_564
0.839,0.839,ACH-000853,Drug_643
0.8343,0.8343,ACH-000853,Drug_802
0.8835,0.8835,ACH-000853,Drug_435
1.0,1.0,ACH-000853,Drug_1507
0.8346,0.8346,ACH-000853,Drug_665
0.831,0.831,ACH-000853,Drug_1005
0.8412,0.8412,ACH-000853,Drug_1040
0.91,0.91,ACH-000855,Drug_749
0.8333,0.8333,ACH-000855,Drug_1326
0.5783,0.5783,ACH-000855,Drug_490
0.986,0.986,ACH-000855,Drug_558
0.7396,0.7396,ACH-000855,Drug_195
0.8998,0.8998,ACH-000855,Drug_1087
0.5223,0.5223,ACH-000855,Drug_1127
0.9636,0.9636,ACH-000855,Drug_564
0.8445,0.8445,ACH-000855,Drug_870
0.8819,0.8819,ACH-000855,Drug_1520
0.8868,0.8868,ACH-000855,Drug_643
0.9919,0.9919,ACH-000855,Drug_802
0.8931,0.8931,ACH-000855,Drug_435
0.8587,0.8587,ACH-000855,Drug_665
0.9495,0.9495,ACH-000855,Drug_1005
0.9712,0.9712,ACH-000855,Drug_1040
0.7451,0.7451,ACH-000857,Drug_749
0.716,0.716,ACH-000857,Drug_1326
0.4343,0.4343,ACH-000857,Drug_490
0.9875,0.9875,ACH-000857,Drug_558
0.6327,0.6327,ACH-000857,Drug_895
0.6929,0.6929,ACH-000857,Drug_1087
0.9388,0.9388,ACH-000857,Drug_768
0.7136,0.7136,ACH-000857,Drug_685
0.8532,0.8532,ACH-000857,Drug_413
0.8494,0.8494,ACH-000857,Drug_564
0.8093,0.8093,ACH-000857,Drug_1520
0.9396,0.9396,ACH-000857,Drug_643
0.6853,0.6853,ACH-000857,Drug_883
0.5701,0.5701,ACH-000857,Drug_614
0.9795,0.9795,ACH-000857,Drug_802
0.6916,0.6916,ACH-000857,Drug_435
0.8423,0.8423,ACH-000857,Drug_1507
0.7573,0.7573,ACH-000857,Drug_665
0.9085,0.9085,ACH-000857,Drug_1005
0.9838,0.9838,ACH-000857,Drug_1040
0.8997,0.8997,ACH-000858,Drug_749
0.8475,0.8475,ACH-000858,Drug_1326
0.4773,0.4773,ACH-000858,Drug_490
0.9947,0.9947,ACH-000858,Drug_558
0.6805,0.6805,ACH-000858,Drug_1087
0.385,0.385,ACH-000858,Drug_1127
0.8407,0.8407,ACH-000858,Drug_685
0.9453,0.9453,ACH-000858,Drug_564
0.8769,0.8769,ACH-000858,Drug_870
0.9685,0.9685,ACH-000858,Drug_1520
0.963,0.963,ACH-000858,Drug_883
0.5764,0.5764,ACH-000858,Drug_614
0.8123,0.8123,ACH-000858,Drug_802
0.9219,0.9219,ACH-000858,Drug_435
0.958,0.958,ACH-000858,Drug_1507
0.9851,0.9851,ACH-000858,Drug_665
0.9264,0.9264,ACH-000858,Drug_1040
0.8069,0.8069,ACH-000859,Drug_749
0.814,0.814,ACH-000859,Drug_1326
0.5352,0.5352,ACH-000859,Drug_490
0.8261,0.8261,ACH-000859,Drug_558
0.7762,0.7762,ACH-000859,Drug_195
0.9226,0.9226,ACH-000859,Drug_1279
0.7757,0.7757,ACH-000859,Drug_1087
0.8086,0.8086,ACH-000859,Drug_768
0.3861,0.3861,ACH-000859,Drug_1127
0.854,0.854,ACH-000859,Drug_685
0.8593,0.8593,ACH-000859,Drug_413
0.9764,0.9764,ACH-000859,Drug_564
0.7604,0.7604,ACH-000859,Drug_870
0.8696,0.8696,ACH-000859,Drug_1520
0.8485,0.8485,ACH-000859,Drug_643
0.8392,0.8392,ACH-000859,Drug_883
0.4943,0.4943,ACH-000859,Drug_614
0.8401,0.8401,ACH-000859,Drug_802
0.6739,0.6739,ACH-000859,Drug_435
0.9365,0.9365,ACH-000859,Drug_1507
0.7294,0.7294,ACH-000859,Drug_665
0.8187,0.8187,ACH-000859,Drug_1005
0.8434,0.8434,ACH-000859,Drug_1040
0.8323,0.8323,ACH-000860,Drug_749
0.8096,0.8096,ACH-000860,Drug_1326
0.4927,0.4927,ACH-000860,Drug_490
0.884,0.884,ACH-000860,Drug_558
0.6893,0.6893,ACH-000860,Drug_195
0.8719,0.8719,ACH-000860,Drug_1279
0.5759,0.5759,ACH-000860,Drug_1087
0.9135,0.9135,ACH-000860,Drug_768
0.6656,0.6656,ACH-000860,Drug_685
0.8179,0.8179,ACH-000860,Drug_413
0.739,0.739,ACH-000860,Drug_870
0.7729,0.7729,ACH-000860,Drug_1520
0.8104,0.8104,ACH-000860,Drug_643
0.7583,0.7583,ACH-000860,Drug_883
0.6773,0.6773,ACH-000860,Drug_614
0.7823,0.7823,ACH-000860,Drug_435
0.9506,0.9506,ACH-000860,Drug_1507
0.841,0.841,ACH-000860,Drug_665
0.8831,0.8831,ACH-000860,Drug_1005
0.8397,0.8397,ACH-000860,Drug_1040
0.8979,0.8979,ACH-000862,Drug_749
0.83,0.83,ACH-000862,Drug_1326
0.4742,0.4742,ACH-000862,Drug_490
0.9902,0.9902,ACH-000862,Drug_558
0.6553,0.6553,ACH-000862,Drug_895
0.6761,0.6761,ACH-000862,Drug_195
0.8785,0.8785,ACH-000862,Drug_1279
0.659,0.659,ACH-000862,Drug_1087
0.8401,0.8401,ACH-000862,Drug_768
0.441,0.441,ACH-000862,Drug_1127
0.7916,0.7916,ACH-000862,Drug_685
0.9872,0.9872,ACH-000862,Drug_413
0.9344,0.9344,ACH-000862,Drug_564
0.7541,0.7541,ACH-000862,Drug_870
0.9232,0.9232,ACH-000862,Drug_1520
0.8311,0.8311,ACH-000862,Drug_643
0.9451,0.9451,ACH-000862,Drug_883
0.8126,0.8126,ACH-000862,Drug_802
0.8213,0.8213,ACH-000862,Drug_435
0.9278,0.9278,ACH-000862,Drug_665
0.9691,0.9691,ACH-000862,Drug_1005
0.8715,0.8715,ACH-000862,Drug_1040
0.8634,0.8634,ACH-000863,Drug_749
0.9457,0.9457,ACH-000863,Drug_1326
0.5457,0.5457,ACH-000863,Drug_490
0.7966,0.7966,ACH-000863,Drug_558
0.5791,0.5791,ACH-000863,Drug_895
0.9853,0.9853,ACH-000863,Drug_1279
0.6728,0.6728,ACH-000863,Drug_1087
0.8848,0.8848,ACH-000863,Drug_768
0.4191,0.4191,ACH-000863,Drug_1127
0.701,0.701,ACH-000863,Drug_685
0.9443,0.9443,ACH-000863,Drug_413
0.716,0.716,ACH-000863,Drug_564
0.6839,0.6839,ACH-000863,Drug_870
0.7494,0.7494,ACH-000863,Drug_1520
0.8802,0.8802,ACH-000863,Drug_643
0.8864,0.8864,ACH-000863,Drug_883
0.6784,0.6784,ACH-000863,Drug_614
0.9553,0.9553,ACH-000863,Drug_802
0.8001,0.8001,ACH-000863,Drug_665
0.9031,0.9031,ACH-000863,Drug_1005
0.8556,0.8556,ACH-000866,Drug_749
0.8005,0.8005,ACH-000866,Drug_1326
0.4547,0.4547,ACH-000866,Drug_490
0.8129,0.8129,ACH-000866,Drug_558
0.4732,0.4732,ACH-000866,Drug_895
0.4108,0.4108,ACH-000866,Drug_195
0.9479,0.9479,ACH-000866,Drug_1279
0.8712,0.8712,ACH-000866,Drug_1087
0.996,0.996,ACH-000866,Drug_768
0.2966,0.2966,ACH-000866,Drug_1127
0.9307,0.9307,ACH-000866,Drug_685
0.9508,0.9508,ACH-000866,Drug_564
0.7244,0.7244,ACH-000866,Drug_870
0.6988,0.6988,ACH-000866,Drug_1520
0.7684,0.7684,ACH-000866,Drug_643
0.4795,0.4795,ACH-000866,Drug_614
0.9342,0.9342,ACH-000866,Drug_802
0.8839,0.8839,ACH-000866,Drug_435
0.8293,0.8293,ACH-000866,Drug_1005
0.9309,0.9309,ACH-000866,Drug_1040
0.8241,0.8241,ACH-000869,Drug_749
0.8861,0.8861,ACH-000869,Drug_1326
0.4821,0.4821,ACH-000869,Drug_490
0.8158,0.8158,ACH-000869,Drug_558
0.8414,0.8414,ACH-000869,Drug_1279
0.8549,0.8549,ACH-000869,Drug_1087
0.8302,0.8302,ACH-000869,Drug_768
0.4108,0.4108,ACH-000869,Drug_1127
0.8763,0.8763,ACH-000869,Drug_685
0.8564,0.8564,ACH-000869,Drug_564
0.7031,0.7031,ACH-000869,Drug_870
0.7673,0.7673,ACH-000869,Drug_1520
0.812,0.812,ACH-000869,Drug_614
0.8412,0.8412,ACH-000869,Drug_802
0.8813,0.8813,ACH-000869,Drug_435
0.9557,0.9557,ACH-000869,Drug_1507
0.8111,0.8111,ACH-000869,Drug_665
0.8658,0.8658,ACH-000869,Drug_1040
0.7953,0.7953,ACH-000876,Drug_749
0.4415,0.4415,ACH-000876,Drug_490
0.8872,0.8872,ACH-000876,Drug_558
0.8198,0.8198,ACH-000876,Drug_195
0.9574,0.9574,ACH-000876,Drug_1087
0.8112,0.8112,ACH-000876,Drug_768
0.9438,0.9438,ACH-000876,Drug_685
0.7555,0.7555,ACH-000876,Drug_413
0.7583,0.7583,ACH-000876,Drug_870
0.9559,0.9559,ACH-000876,Drug_1520
0.7772,0.7772,ACH-000876,Drug_643
0.9683,0.9683,ACH-000876,Drug_883
0.4616,0.4616,ACH-000876,Drug_614
0.8619,0.8619,ACH-000876,Drug_802
0.9057,0.9057,ACH-000876,Drug_435
0.8118,0.8118,ACH-000876,Drug_665
0.8352,0.8352,ACH-000876,Drug_1005
0.994,0.994,ACH-000876,Drug_1040
0.9267,0.9267,ACH-000877,Drug_749
0.8296,0.8296,ACH-000877,Drug_1326
0.5412,0.5412,ACH-000877,Drug_490
0.8516,0.8516,ACH-000877,Drug_558
0.6417,0.6417,ACH-000877,Drug_195
0.9074,0.9074,ACH-000877,Drug_1087
0.8709,0.8709,ACH-000877,Drug_768
0.4296,0.4296,ACH-000877,Drug_1127
1.0,1.0,ACH-000877,Drug_685
0.9468,0.9468,ACH-000877,Drug_413
0.9763,0.9763,ACH-000877,Drug_564
0.799,0.799,ACH-000877,Drug_870
0.8308,0.8308,ACH-000877,Drug_1520
0.9654,0.9654,ACH-000877,Drug_643
0.8459,0.8459,ACH-000877,Drug_883
0.7308,0.7308,ACH-000877,Drug_614
0.9739,0.9739,ACH-000877,Drug_435
0.9532,0.9532,ACH-000877,Drug_1507
0.8299,0.8299,ACH-000877,Drug_665
0.9453,0.9453,ACH-000877,Drug_1005
0.9418,0.9418,ACH-000877,Drug_1040
0.8425,0.8425,ACH-000878,Drug_749
0.4542,0.4542,ACH-000878,Drug_490
0.8308,0.8308,ACH-000878,Drug_558
0.6947,0.6947,ACH-000878,Drug_195
0.7903,0.7903,ACH-000878,Drug_1279
0.8532,0.8532,ACH-000878,Drug_768
0.4465,0.4465,ACH-000878,Drug_1127
0.8326,0.8326,ACH-000878,Drug_685
0.781,0.781,ACH-000878,Drug_870
0.8171,0.8171,ACH-000878,Drug_1520
0.8099,0.8099,ACH-000878,Drug_643
0.8077,0.8077,ACH-000878,Drug_802
0.9452,0.9452,ACH-000878,Drug_435
0.9398,0.9398,ACH-000878,Drug_1507
0.9187,0.9187,ACH-000878,Drug_665
0.8811,0.8811,ACH-000878,Drug_1005
0.7886,0.7886,ACH-000879,Drug_749
0.708,0.708,ACH-000879,Drug_1326
0.4657,0.4657,ACH-000879,Drug_490
0.8459,0.8459,ACH-000879,Drug_558
0.4767,0.4767,ACH-000879,Drug_195
0.8194,0.8194,ACH-000879,Drug_1279
0.9456,0.9456,ACH-000879,Drug_685
0.8342,0.8342,ACH-000879,Drug_564
0.8016,0.8016,ACH-000879,Drug_1520
0.7302,0.7302,ACH-000879,Drug_643
0.8294,0.8294,ACH-000879,Drug_883
0.8984,0.8984,ACH-000879,Drug_802
0.8315,0.8315,ACH-000879,Drug_435
0.8925,0.8925,ACH-000879,Drug_1507
0.8189,0.8189,ACH-000879,Drug_665
0.8238,0.8238,ACH-000879,Drug_1005
0.8672,0.8672,ACH-000879,Drug_1040
0.822,0.822,ACH-000885,Drug_749
0.8176,0.8176,ACH-000885,Drug_1326
0.5493,0.5493,ACH-000885,Drug_195
0.8006,0.8006,ACH-000885,Drug_1279
0.817,0.817,ACH-000885,Drug_1087
0.8434,0.8434,ACH-000885,Drug_768
0.3781,0.3781,ACH-000885,Drug_1127
0.8747,0.8747,ACH-000885,Drug_685
0.955,0.955,ACH-000885,Drug_413
0.5785,0.5785,ACH-000885,Drug_870
0.7634,0.7634,ACH-000885,Drug_1520
0.7412,0.7412,ACH-000885,Drug_643
0.8361,0.8361,ACH-000885,Drug_883
0.453,0.453,ACH-000885,Drug_614
0.8187,0.8187,ACH-000885,Drug_802
0.7633,0.7633,ACH-000885,Drug_665
0.8324,0.8324,ACH-000886,Drug_749
0.7947,0.7947,ACH-000886,Drug_1326
0.4258,0.4258,ACH-000886,Drug_490
0.9912,0.9912,ACH-000886,Drug_558
0.5934,0.5934,ACH-000886,Drug_895
0.8517,0.8517,ACH-000886,Drug_1279
0.6648,0.6648,ACH-000886,Drug_1087
0.8626,0.8626,ACH-000886,Drug_768
0.4706,0.4706,ACH-000886,Drug_1127
0.865,0.865,ACH-000886,Drug_685
0.8423,0.8423,ACH-000886,Drug_413
0.9332,0.9332,ACH-000886,Drug_564
0.7927,0.7927,ACH-000886,Drug_870
0.7673,0.7673,ACH-000886,Drug_1520
0.826,0.826,ACH-000886,Drug_643
0.8991,0.8991,ACH-000886,Drug_883
0.5935,0.5935,ACH-000886,Drug_614
0.8755,0.8755,ACH-000886,Drug_802
0.8798,0.8798,ACH-000886,Drug_435
0.9928,0.9928,ACH-000886,Drug_1507
0.8515,0.8515,ACH-000886,Drug_665
0.823,0.823,ACH-000886,Drug_1005
0.972,0.972,ACH-000886,Drug_1040
0.8046,0.8046,ACH-000888,Drug_749
0.6861,0.6861,ACH-000888,Drug_1326
0.9782,0.9782,ACH-000888,Drug_558
0.6954,0.6954,ACH-000888,Drug_195
0.7621,0.7621,ACH-000888,Drug_1087
0.7947,0.7947,ACH-000888,Drug_768
0.4427,0.4427,ACH-000888,Drug_1127
0.7668,0.7668,ACH-000888,Drug_685
0.8325,0.8325,ACH-000888,Drug_413
0.7491,0.7491,ACH-000888,Drug_870
0.8143,0.8143,ACH-000888,Drug_1520
0.8341,0.8341,ACH-000888,Drug_643
0.8505,0.8505,ACH-000888,Drug_883
0.9651,0.9651,ACH-000888,Drug_802
0.827,0.827,ACH-000888,Drug_435
0.8649,0.8649,ACH-000888,Drug_1507
0.7935,0.7935,ACH-000888,Drug_665
0.8693,0.8693,ACH-000889,Drug_1326
0.4079,0.4079,ACH-000889,Drug_490
0.7692,0.7692,ACH-000889,Drug_558
0.5863,0.5863,ACH-000889,Drug_895
0.958,0.958,ACH-000889,Drug_1279
0.8354,0.8354,ACH-000889,Drug_768
0.2919,0.2919,ACH-000889,Drug_1127
0.7375,0.7375,ACH-000889,Drug_413
0.9762,0.9762,ACH-000889,Drug_564
0.8182,0.8182,ACH-000889,Drug_870
0.6452,0.6452,ACH-000889,Drug_1520
0.9017,0.9017,ACH-000889,Drug_643
0.8423,0.8423,ACH-000889,Drug_883
0.6101,0.6101,ACH-000889,Drug_614
0.7375,0.7375,ACH-000889,Drug_802
0.8062,0.8062,ACH-000889,Drug_435
0.959,0.959,ACH-000889,Drug_1507
0.9136,0.9136,ACH-000889,Drug_665
0.8021,0.8021,ACH-000889,Drug_1005
0.7763,0.7763,ACH-000889,Drug_1040
0.7683,0.7683,ACH-000890,Drug_749
0.5478,0.5478,ACH-000890,Drug_490
0.8472,0.8472,ACH-000890,Drug_558
0.6135,0.6135,ACH-000890,Drug_195
0.822,0.822,ACH-000890,Drug_1279
0.7121,0.7121,ACH-000890,Drug_1087
0.8918,0.8918,ACH-000890,Drug_768
0.5517,0.5517,ACH-000890,Drug_1127
0.767,0.767,ACH-000890,Drug_685
0.8306,0.8306,ACH-000890,Drug_413
0.8516,0.8516,ACH-000890,Drug_643
0.9704,0.9704,ACH-000890,Drug_883
0.6957,0.6957,ACH-000890,Drug_614
0.8757,0.8757,ACH-000890,Drug_802
0.971,0.971,ACH-000890,Drug_435
0.9071,0.9071,ACH-000890,Drug_1507
0.819,0.819,ACH-000890,Drug_665
0.8229,0.8229,ACH-000890,Drug_1005
0.8927,0.8927,ACH-000890,Drug_1040
0.8302,0.8302,ACH-000893,Drug_749
0.928,0.928,ACH-000893,Drug_1326
0.4675,0.4675,ACH-000893,Drug_490
0.9308,0.9308,ACH-000893,Drug_558
0.6803,0.6803,ACH-000893,Drug_195
0.9529,0.9529,ACH-000893,Drug_1279
0.9544,0.9544,ACH-000893,Drug_1087
0.9478,0.9478,ACH-000893,Drug_768
0.5157,0.5157,ACH-000893,Drug_1127
0.931,0.931,ACH-000893,Drug_685
0.839,0.839,ACH-000893,Drug_413
0.9694,0.9694,ACH-000893,Drug_564
0.8903,0.8903,ACH-000893,Drug_1520
0.9134,0.9134,ACH-000893,Drug_802
0.9034,0.9034,ACH-000893,Drug_435
0.9684,0.9684,ACH-000893,Drug_1507
0.9275,0.9275,ACH-000893,Drug_665
0.9314,0.9314,ACH-000893,Drug_1005
0.85,0.85,ACH-000893,Drug_1040
0.7616,0.7616,ACH-000900,Drug_749
0.8279,0.8279,ACH-000900,Drug_1326
0.4958,0.4958,ACH-000900,Drug_490
0.7029,0.7029,ACH-000900,Drug_195
0.7495,0.7495,ACH-000900,Drug_1279
0.7332,0.7332,ACH-000900,Drug_1087
0.8585,0.8585,ACH-000900,Drug_768
0.3271,0.3271,ACH-000900,Drug_1127
0.8636,0.8636,ACH-000900,Drug_685
0.789,0.789,ACH-000900,Drug_564
0.7098,0.7098,ACH-000900,Drug_870
0.8132,0.8132,ACH-000900,Drug_1520
0.7801,0.7801,ACH-000900,Drug_643
0.9852,0.9852,ACH-000900,Drug_883
0.8401,0.8401,ACH-000900,Drug_802
0.8238,0.8238,ACH-000900,Drug_435
0.8965,0.8965,ACH-000900,Drug_1507
0.8776,0.8776,ACH-000900,Drug_1005
0.8259,0.8259,ACH-000905,Drug_1326
0.4646,0.4646,ACH-000905,Drug_490
0.8076,0.8076,ACH-000905,Drug_558
0.5341,0.5341,ACH-000905,Drug_195
0.9373,0.9373,ACH-000905,Drug_1279
0.7801,0.7801,ACH-000905,Drug_1087
0.2625,0.2625,ACH-000905,Drug_1127
0.9002,0.9002,ACH-000905,Drug_685
0.8121,0.8121,ACH-000905,Drug_413
0.8431,0.8431,ACH-000905,Drug_564
0.719,0.719,ACH-000905,Drug_870
0.7288,0.7288,ACH-000905,Drug_1520
0.791,0.791,ACH-000905,Drug_643
0.7186,0.7186,ACH-000905,Drug_883
0.5391,0.5391,ACH-000905,Drug_614
0.8574,0.8574,ACH-000905,Drug_802
0.7311,0.7311,ACH-000905,Drug_435
0.9836,0.9836,ACH-000905,Drug_1507
0.8303,0.8303,ACH-000905,Drug_665
0.8742,0.8742,ACH-000905,Drug_1005
0.9284,0.9284,ACH-000905,Drug_1040
0.8805,0.8805,ACH-000906,Drug_749
0.9479,0.9479,ACH-000906,Drug_1326
0.4588,0.4588,ACH-000906,Drug_490
0.8171,0.8171,ACH-000906,Drug_1279
0.6265,0.6265,ACH-000906,Drug_1087
0.4398,0.4398,ACH-000906,Drug_1127
0.7351,0.7351,ACH-000906,Drug_685
0.8603,0.8603,ACH-000906,Drug_564
0.73,0.73,ACH-000906,Drug_870
0.9608,0.9608,ACH-000906,Drug_1520
0.8374,0.8374,ACH-000906,Drug_643
0.9601,0.9601,ACH-000906,Drug_883
0.67,0.67,ACH-000906,Drug_614
0.9278,0.9278,ACH-000906,Drug_802
0.9706,0.9706,ACH-000906,Drug_435
0.8434,0.8434,ACH-000906,Drug_1507
1.0,1.0,ACH-000906,Drug_665
0.9282,0.9282,ACH-000906,Drug_1005
0.9396,0.9396,ACH-000906,Drug_1040
0.7643,0.7643,ACH-000910,Drug_749
0.3421,0.3421,ACH-000910,Drug_490
0.5095,0.5095,ACH-000910,Drug_895
0.5685,0.5685,ACH-000910,Drug_195
0.8516,0.8516,ACH-000910,Drug_1279
0.8638,0.8638,ACH-000910,Drug_768
0.3666,0.3666,ACH-000910,Drug_1127
0.8501,0.8501,ACH-000910,Drug_685
0.8473,0.8473,ACH-000910,Drug_413
0.8597,0.8597,ACH-000910,Drug_564
0.7282,0.7282,ACH-000910,Drug_870
0.8118,0.8118,ACH-000910,Drug_643
0.8758,0.8758,ACH-000910,Drug_883
0.3915,0.3915,ACH-000910,Drug_614
0.8424,0.8424,ACH-000910,Drug_802
0.983,0.983,ACH-000910,Drug_1507
0.8361,0.8361,ACH-000910,Drug_665
0.8916,0.8916,ACH-000910,Drug_1005
0.839,0.839,ACH-000910,Drug_1040
0.865,0.865,ACH-000911,Drug_749
0.8034,0.8034,ACH-000911,Drug_1326
0.4999,0.4999,ACH-000911,Drug_490
0.8087,0.8087,ACH-000911,Drug_558
0.4691,0.4691,ACH-000911,Drug_895
0.524,0.524,ACH-000911,Drug_195
0.9295,0.9295,ACH-000911,Drug_1279
0.7187,0.7187,ACH-000911,Drug_1087
0.9227,0.9227,ACH-000911,Drug_768
0.2365,0.2365,ACH-000911,Drug_1127
0.78,0.78,ACH-000911,Drug_685
0.8408,0.8408,ACH-000911,Drug_413
0.5774,0.5774,ACH-000911,Drug_614
0.9774,0.9774,ACH-000911,Drug_802
0.7309,0.7309,ACH-000911,Drug_435
0.9115,0.9115,ACH-000911,Drug_1507
0.8312,0.8312,ACH-000911,Drug_665
0.8201,0.8201,ACH-000911,Drug_1005
0.8107,0.8107,ACH-000911,Drug_1040
0.842,0.842,ACH-000912,Drug_1326
0.793,0.793,ACH-000912,Drug_558
0.5037,0.5037,ACH-000912,Drug_895
0.9751,0.9751,ACH-000912,Drug_1279
0.747,0.747,ACH-000912,Drug_768
0.3317,0.3317,ACH-000912,Drug_1127
0.7765,0.7765,ACH-000912,Drug_685
0.7274,0.7274,ACH-000912,Drug_413
0.8483,0.8483,ACH-000912,Drug_564
0.6427,0.6427,ACH-000912,Drug_870
0.6479,0.6479,ACH-000912,Drug_1520
0.684,0.684,ACH-000912,Drug_643
0.9369,0.9369,ACH-000912,Drug_802
0.832,0.832,ACH-000912,Drug_1507
0.7707,0.7707,ACH-000912,Drug_1005
0.8742,0.8742,ACH-000912,Drug_1040
0.7428,0.7428,ACH-000913,Drug_749
0.836,0.836,ACH-000913,Drug_1326
0.4644,0.4644,ACH-000913,Drug_490
0.3714,0.3714,ACH-000913,Drug_195
0.5194,0.5194,ACH-000913,Drug_1279
0.8114,0.8114,ACH-000913,Drug_1087
0.3288,0.3288,ACH-000913,Drug_1127
0.874,0.874,ACH-000913,Drug_685
0.7166,0.7166,ACH-000913,Drug_643
0.7632,0.7632,ACH-000913,Drug_435
0.8266,0.8266,ACH-000913,Drug_1005
0.9467,0.9467,ACH-000914,Drug_749
0.7949,0.7949,ACH-000914,Drug_558
0.5615,0.5615,ACH-000914,Drug_195
0.936,0.936,ACH-000914,Drug_1279
0.9761,0.9761,ACH-000914,Drug_768
0.3367,0.3367,ACH-000914,Drug_1127
0.9038,0.9038,ACH-000914,Drug_685
1.0,1.0,ACH-000914,Drug_413
1.0,1.0,ACH-000914,Drug_564
0.7967,0.7967,ACH-000914,Drug_870
0.7035,0.7035,ACH-000914,Drug_1520
0.9955,0.9955,ACH-000914,Drug_643
0.9554,0.9554,ACH-000914,Drug_883
0.6027,0.6027,ACH-000914,Drug_614
0.9559,0.9559,ACH-000914,Drug_802
0.8143,0.8143,ACH-000914,Drug_435
0.9088,0.9088,ACH-000914,Drug_1507
0.8786,0.8786,ACH-000914,Drug_665
0.8174,0.8174,ACH-000914,Drug_1005
0.7717,0.7717,ACH-000915,Drug_749
0.8754,0.8754,ACH-000915,Drug_1326
0.4914,0.4914,ACH-000915,Drug_490
0.8143,0.8143,ACH-000915,Drug_558
0.6695,0.6695,ACH-000915,Drug_195
0.9475,0.9475,ACH-000915,Drug_1279
0.3677,0.3677,ACH-000915,Drug_1087
0.9511,0.9511,ACH-000915,Drug_768
0.3666,0.3666,ACH-000915,Drug_1127
0.5395,0.5395,ACH-000915,Drug_685
0.8545,0.8545,ACH-000915,Drug_413
0.8196,0.8196,ACH-000915,Drug_564
0.7803,0.7803,ACH-000915,Drug_643
0.8057,0.8057,ACH-000915,Drug_883
0.6182,0.6182,ACH-000915,Drug_614
0.8411,0.8411,ACH-000915,Drug_435
0.9796,0.9796,ACH-000915,Drug_1507
0.986,0.986,ACH-000915,Drug_665
0.8722,0.8722,ACH-000915,Drug_1040
0.79,0.79,ACH-000918,Drug_749
0.8359,0.8359,ACH-000918,Drug_1326
0.3784,0.3784,ACH-000918,Drug_490
0.7605,0.7605,ACH-000918,Drug_558
0.4306,0.4306,ACH-000918,Drug_895
0.4109,0.4109,ACH-000918,Drug_195
0.937,0.937,ACH-000918,Drug_1087
0.7128,0.7128,ACH-000918,Drug_768
0.9024,0.9024,ACH-000918,Drug_685
0.7772,0.7772,ACH-000918,Drug_413
0.8392,0.8392,ACH-000918,Drug_564
0.6004,0.6004,ACH-000918,Drug_870
0.7956,0.7956,ACH-000918,Drug_1520
0.722,0.722,ACH-000918,Drug_643
0.9344,0.9344,ACH-000918,Drug_883
0.6288,0.6288,ACH-000918,Drug_614
0.6881,0.6881,ACH-000918,Drug_802
0.801,0.801,ACH-000918,Drug_435
0.783,0.783,ACH-000918,Drug_1507
0.8302,0.8302,ACH-000918,Drug_665
0.7778,0.7778,ACH-000918,Drug_1005
0.7725,0.7725,ACH-000918,Drug_1040
0.7046,0.7046,ACH-000924,Drug_749
0.9066,0.9066,ACH-000924,Drug_1326
0.6882,0.6882,ACH-000924,Drug_895
0.9959,0.9959,ACH-000924,Drug_195
0.6657,0.6657,ACH-000924,Drug_1279
0.7536,0.7536,ACH-000924,Drug_1087
0.83,0.83,ACH-000924,Drug_768
0.7433,0.7433,ACH-000924,Drug_685
0.8276,0.8276,ACH-000924,Drug_413
0.8159,0.8159,ACH-000924,Drug_564
0.8182,0.8182,ACH-000924,Drug_870
0.8058,0.8058,ACH-000924,Drug_1520
0.8183,0.8183,ACH-000924,Drug_643
0.8363,0.8363,ACH-000924,Drug_883
0.7638,0.7638,ACH-000924,Drug_802
0.839,0.839,ACH-000924,Drug_435
0.969,0.969,ACH-000924,Drug_1507
0.906,0.906,ACH-000924,Drug_665
0.764,0.764,ACH-000924,Drug_1005
1.0,1.0,ACH-000924,Drug_1040
0.8551,0.8551,ACH-000925,Drug_749
0.7891,0.7891,ACH-000925,Drug_1326
0.4052,0.4052,ACH-000925,Drug_490
0.9793,0.9793,ACH-000925,Drug_558
0.6084,0.6084,ACH-000925,Drug_195
0.5579,0.5579,ACH-000925,Drug_1279
0.5336,0.5336,ACH-000925,Drug_1087
0.3352,0.3352,ACH-000925,Drug_1127
0.9775,0.9775,ACH-000925,Drug_564
0.847,0.847,ACH-000925,Drug_1520
0.836,0.836,ACH-000925,Drug_643
0.8489,0.8489,ACH-000925,Drug_883
0.4974,0.4974,ACH-000925,Drug_614
0.7045,0.7045,ACH-000925,Drug_802
0.8158,0.8158,ACH-000925,Drug_435
0.876,0.876,ACH-000925,Drug_1507
0.8292,0.8292,ACH-000925,Drug_665
0.9849,0.9849,ACH-000925,Drug_1005
0.9255,0.9255,ACH-000925,Drug_1040
0.8334,0.8334,ACH-000927,Drug_749
0.8718,0.8718,ACH-000927,Drug_1326
0.3755,0.3755,ACH-000927,Drug_490
0.7968,0.7968,ACH-000927,Drug_558
0.8875,0.8875,ACH-000927,Drug_195
0.8877,0.8877,ACH-000927,Drug_1087
0.7865,0.7865,ACH-000927,Drug_768
0.4995,0.4995,ACH-000927,Drug_1127
0.9401,0.9401,ACH-000927,Drug_685
0.8023,0.8023,ACH-000927,Drug_413
0.9311,0.9311,ACH-000927,Drug_564
0.8817,0.8817,ACH-000927,Drug_870
0.8268,0.8268,ACH-000927,Drug_1520
0.9408,0.9408,ACH-000927,Drug_643
0.9135,0.9135,ACH-000927,Drug_883
0.462,0.462,ACH-000927,Drug_614
0.8311,0.8311,ACH-000927,Drug_802
0.9444,0.9444,ACH-000927,Drug_1507
0.8127,0.8127,ACH-000927,Drug_665
0.8434,0.8434,ACH-000927,Drug_1005
0.7849,0.7849,ACH-000927,Drug_1040
0.9098,0.9098,ACH-000930,Drug_749
0.8446,0.8446,ACH-000930,Drug_1326
0.5669,0.5669,ACH-000930,Drug_490
0.9445,0.9445,ACH-000930,Drug_558
0.6401,0.6401,ACH-000930,Drug_895
0.8018,0.8018,ACH-000930,Drug_195
0.8735,0.8735,ACH-000930,Drug_1279
0.9034,0.9034,ACH-000930,Drug_1087
0.8253,0.8253,ACH-000930,Drug_768
0.9575,0.9575,ACH-000930,Drug_685
0.8446,0.8446,ACH-000930,Drug_413
0.9572,0.9572,ACH-000930,Drug_564
0.935,0.935,ACH-000930,Drug_870
0.9876,0.9876,ACH-000930,Drug_1520
0.9424,0.9424,ACH-000930,Drug_643
0.6302,0.6302,ACH-000930,Drug_614
0.881,0.881,ACH-000930,Drug_802
0.8394,0.8394,ACH-000930,Drug_435
0.9322,0.9322,ACH-000930,Drug_665
0.85,0.85,ACH-000930,Drug_1005
0.9919,0.9919,ACH-000930,Drug_1040
0.7733,0.7733,ACH-000931,Drug_749
0.4713,0.4713,ACH-000931,Drug_490
0.8069,0.8069,ACH-000931,Drug_558
0.6054,0.6054,ACH-000931,Drug_895
0.5622,0.5622,ACH-000931,Drug_195
0.9394,0.9394,ACH-000931,Drug_1279
0.7604,0.7604,ACH-000931,Drug_1087
0.8639,0.8639,ACH-000931,Drug_768
0.3199,0.3199,ACH-000931,Drug_1127
0.8843,0.8843,ACH-000931,Drug_685
0.8051,0.8051,ACH-000931,Drug_413
0.8879,0.8879,ACH-000931,Drug_564
0.7373,0.7373,ACH-000931,Drug_643
0.5279,0.5279,ACH-000931,Drug_614
0.7834,0.7834,ACH-000931,Drug_435
0.9512,0.9512,ACH-000931,Drug_1507
0.8207,0.8207,ACH-000931,Drug_665
0.8172,0.8172,ACH-000931,Drug_1005
0.8446,0.8446,ACH-000931,Drug_1040
0.7893,0.7893,ACH-000932,Drug_749
0.9375,0.9375,ACH-000932,Drug_1326
0.8272,0.8272,ACH-000932,Drug_558
0.567,0.567,ACH-000932,Drug_195
0.9226,0.9226,ACH-000932,Drug_1279
0.5503,0.5503,ACH-000932,Drug_1087
0.8122,0.8122,ACH-000932,Drug_768
0.7288,0.7288,ACH-000932,Drug_685
0.882,0.882,ACH-000932,Drug_413
0.9474,0.9474,ACH-000932,Drug_564
0.7048,0.7048,ACH-000932,Drug_870
0.7628,0.7628,ACH-000932,Drug_1520
0.776,0.776,ACH-000932,Drug_643
0.8815,0.8815,ACH-000932,Drug_883
0.503,0.503,ACH-000932,Drug_614
0.8532,0.8532,ACH-000932,Drug_802
0.9023,0.9023,ACH-000932,Drug_435
0.817,0.817,ACH-000932,Drug_1507
0.9037,0.9037,ACH-000932,Drug_665
0.8469,0.8469,ACH-000932,Drug_1005
0.8261,0.8261,ACH-000932,Drug_1040
0.9079,0.9079,ACH-000936,Drug_749
0.3937,0.3937,ACH-000936,Drug_490
0.8253,0.8253,ACH-000936,Drug_558
0.6678,0.6678,ACH-000936,Drug_195
0.9259,0.9259,ACH-000936,Drug_1279
0.8164,0.8164,ACH-000936,Drug_1087
0.5355,0.5355,ACH-000936,Drug_1127
0.9134,0.9134,ACH-000936,Drug_685
0.9034,0.9034,ACH-000936,Drug_413
0.704,0.704,ACH-000936,Drug_870
0.8121,0.8121,ACH-000936,Drug_883
0.6226,0.6226,ACH-000936,Drug_614
0.9992,0.9992,ACH-000936,Drug_802
0.8024,0.8024,ACH-000936,Drug_435
0.984,0.984,ACH-000936,Drug_1507
0.8334,0.8334,ACH-000936,Drug_1005
0.9838,0.9838,ACH-000936,Drug_1040
0.7977,0.7977,ACH-000941,Drug_749
0.7584,0.7584,ACH-000941,Drug_1326
0.7986,0.7986,ACH-000941,Drug_558
0.7808,0.7808,ACH-000941,Drug_895
0.7349,0.7349,ACH-000941,Drug_195
0.7404,0.7404,ACH-000941,Drug_1087
0.7805,0.7805,ACH-000941,Drug_768
0.5918,0.5918,ACH-000941,Drug_1127
0.7012,0.7012,ACH-000941,Drug_685
0.8447,0.8447,ACH-000941,Drug_413
0.8294,0.8294,ACH-000941,Drug_870
0.801,0.801,ACH-000941,Drug_1520
0.8657,0.8657,ACH-000941,Drug_643
0.8378,0.8378,ACH-000941,Drug_883
0.658,0.658,ACH-000941,Drug_614
0.991,0.991,ACH-000941,Drug_802
0.9538,0.9538,ACH-000941,Drug_435
0.7004,0.7004,ACH-000941,Drug_665
0.7995,0.7995,ACH-000941,Drug_1005
0.9215,0.9215,ACH-000941,Drug_1040
0.7883,0.7883,ACH-000943,Drug_749
0.8835,0.8835,ACH-000943,Drug_1326
0.4617,0.4617,ACH-000943,Drug_490
0.8179,0.8179,ACH-000943,Drug_558
0.6052,0.6052,ACH-000943,Drug_895
0.5833,0.5833,ACH-000943,Drug_195
0.6057,0.6057,ACH-000943,Drug_1087
0.2895,0.2895,ACH-000943,Drug_1127
0.7394,0.7394,ACH-000943,Drug_685
0.8772,0.8772,ACH-000943,Drug_413
0.739,0.739,ACH-000943,Drug_870
0.7563,0.7563,ACH-000943,Drug_1520
0.8248,0.8248,ACH-000943,Drug_643
0.85,0.85,ACH-000943,Drug_883
0.4856,0.4856,ACH-000943,Drug_614
0.83,0.83,ACH-000943,Drug_435
0.8995,0.8995,ACH-000943,Drug_1507
0.7854,0.7854,ACH-000943,Drug_1005
0.8322,0.8322,ACH-000943,Drug_1040
0.8054,0.8054,ACH-000945,Drug_749
0.8323,0.8323,ACH-000945,Drug_1326
0.5407,0.5407,ACH-000945,Drug_490
0.9573,0.9573,ACH-000945,Drug_558
0.7211,0.7211,ACH-000945,Drug_195
0.8798,0.8798,ACH-000945,Drug_1279
0.8316,0.8316,ACH-000945,Drug_1087
0.4958,0.4958,ACH-000945,Drug_1127
0.8842,0.8842,ACH-000945,Drug_685
0.9569,0.9569,ACH-000945,Drug_564
0.7681,0.7681,ACH-000945,Drug_870
0.8476,0.8476,ACH-000945,Drug_1520
0.873,0.873,ACH-000945,Drug_643
0.8486,0.8486,ACH-000945,Drug_883
0.5793,0.5793,ACH-000945,Drug_614
0.8399,0.8399,ACH-000945,Drug_802
0.8343,0.8343,ACH-000945,Drug_435
0.864,0.864,ACH-000945,Drug_665
0.8194,0.8194,ACH-000945,Drug_1005
0.9429,0.9429,ACH-000945,Drug_1040
0.9654,0.9654,ACH-000946,Drug_749
0.4946,0.4946,ACH-000946,Drug_490
0.8158,0.8158,ACH-000946,Drug_558
0.6027,0.6027,ACH-000946,Drug_195
0.872,0.872,ACH-000946,Drug_1279
0.8446,0.8446,ACH-000946,Drug_1087
0.9487,0.9487,ACH-000946,Drug_768
0.3712,0.3712,ACH-000946,Drug_1127
1.0,1.0,ACH-000946,Drug_685
0.8292,0.8292,ACH-000946,Drug_413
0.9544,0.9544,ACH-000946,Drug_564
0.6494,0.6494,ACH-000946,Drug_870
0.7985,0.7985,ACH-000946,Drug_643
0.959,0.959,ACH-000946,Drug_883
0.4725,0.4725,ACH-000946,Drug_614
0.8822,0.8822,ACH-000946,Drug_802
0.9012,0.9012,ACH-000946,Drug_435
0.982,0.982,ACH-000946,Drug_1507
0.8343,0.8343,ACH-000946,Drug_665
0.8787,0.8787,ACH-000946,Drug_1005
0.8569,0.8569,ACH-000946,Drug_1040
0.9047,0.9047,ACH-000953,Drug_749
0.8723,0.8723,ACH-000953,Drug_1326
0.4942,0.4942,ACH-000953,Drug_490
0.9574,0.9574,ACH-000953,Drug_1087
0.9581,0.9581,ACH-000953,Drug_768
0.9944,0.9944,ACH-000953,Drug_685
0.9476,0.9476,ACH-000953,Drug_413
0.85,0.85,ACH-000953,Drug_564
0.8446,0.8446,ACH-000953,Drug_870
0.9582,0.9582,ACH-000953,Drug_1520
0.8602,0.8602,ACH-000953,Drug_643
0.9427,0.9427,ACH-000953,Drug_883
0.6637,0.6637,ACH-000953,Drug_614
0.9793,0.9793,ACH-000953,Drug_435
0.9218,0.9218,ACH-000953,Drug_665
0.9919,0.9919,ACH-000953,Drug_1005
0.9884,0.9884,ACH-000953,Drug_1040
0.8923,0.8923,ACH-000954,Drug_1326
0.4456,0.4456,ACH-000954,Drug_490
0.8208,0.8208,ACH-000954,Drug_558
0.8682,0.8682,ACH-000954,Drug_1279
0.7528,0.7528,ACH-000954,Drug_1087
0.8924,0.8924,ACH-000954,Drug_768
0.871,0.871,ACH-000954,Drug_685
0.8021,0.8021,ACH-000954,Drug_413
0.8401,0.8401,ACH-000954,Drug_564
0.7234,0.7234,ACH-000954,Drug_870
0.8769,0.8769,ACH-000954,Drug_1520
0.8185,0.8185,ACH-000954,Drug_643
0.8602,0.8602,ACH-000954,Drug_883
0.85,0.85,ACH-000954,Drug_435
0.9273,0.9273,ACH-000954,Drug_1005
0.855,0.855,ACH-000954,Drug_1040
0.7153,0.7153,ACH-000956,Drug_749
0.9579,0.9579,ACH-000956,Drug_1326
0.413,0.413,ACH-000956,Drug_490
0.8004,0.8004,ACH-000956,Drug_558
0.5743,0.5743,ACH-000956,Drug_195
0.9335,0.9335,ACH-000956,Drug_1279
0.6626,0.6626,ACH-000956,Drug_1087
0.8823,0.8823,ACH-000956,Drug_768
0.3971,0.3971,ACH-000956,Drug_1127
0.7019,0.7019,ACH-000956,Drug_685
0.8517,0.8517,ACH-000956,Drug_413
0.8756,0.8756,ACH-000956,Drug_564
0.794,0.794,ACH-000956,Drug_870
0.7862,0.7862,ACH-000956,Drug_1520
0.8219,0.8219,ACH-000956,Drug_643
0.945,0.945,ACH-000956,Drug_883
0.9074,0.9074,ACH-000956,Drug_802
0.8261,0.8261,ACH-000956,Drug_1507
0.9526,0.9526,ACH-000956,Drug_665
0.8051,0.8051,ACH-000956,Drug_1005
0.6983,0.6983,ACH-000958,Drug_749
0.6097,0.6097,ACH-000958,Drug_1326
0.4726,0.4726,ACH-000958,Drug_490
0.9654,0.9654,ACH-000958,Drug_558
0.5153,0.5153,ACH-000958,Drug_895
0.5473,0.5473,ACH-000958,Drug_195
0.9471,0.9471,ACH-000958,Drug_1279
0.3926,0.3926,ACH-000958,Drug_1087
0.7712,0.7712,ACH-000958,Drug_768
0.4444,0.4444,ACH-000958,Drug_685
0.8317,0.8317,ACH-000958,Drug_413
0.972,0.972,ACH-000958,Drug_564
0.8116,0.8116,ACH-000958,Drug_870
0.7421,0.7421,ACH-000958,Drug_643
0.6879,0.6879,ACH-000958,Drug_883
0.3902,0.3902,ACH-000958,Drug_614
0.6888,0.6888,ACH-000958,Drug_435
0.8819,0.8819,ACH-000958,Drug_1507
0.8347,0.8347,ACH-000958,Drug_665
0.7859,0.7859,ACH-000958,Drug_1005
0.909,0.909,ACH-000960,Drug_1326
0.4427,0.4427,ACH-000960,Drug_490
0.823,0.823,ACH-000960,Drug_558
0.5022,0.5022,ACH-000960,Drug_195
0.7597,0.7597,ACH-000960,Drug_1279
0.9952,0.9952,ACH-000960,Drug_1087
0.8126,0.8126,ACH-000960,Drug_768
0.2909,0.2909,ACH-000960,Drug_1127
0.9873,0.9873,ACH-000960,Drug_685
0.8694,0.8694,ACH-000960,Drug_413
0.8982,0.8982,ACH-000960,Drug_564
0.7551,0.7551,ACH-000960,Drug_1520
0.7448,0.7448,ACH-000960,Drug_643
0.8412,0.8412,ACH-000960,Drug_883
0.6377,0.6377,ACH-000960,Drug_614
0.8764,0.8764,ACH-000960,Drug_802
0.8658,0.8658,ACH-000960,Drug_1507
0.9873,0.9873,ACH-000960,Drug_665
0.783,0.783,ACH-000960,Drug_1005
0.7774,0.7774,ACH-000960,Drug_1040
0.8474,0.8474,ACH-000963,Drug_749
0.6714,0.6714,ACH-000963,Drug_1326
0.9658,0.9658,ACH-000963,Drug_558
0.6653,0.6653,ACH-000963,Drug_195
0.9151,0.9151,ACH-000963,Drug_1279
0.7127,0.7127,ACH-000963,Drug_1087
0.5772,0.5772,ACH-000963,Drug_1127
0.7434,0.7434,ACH-000963,Drug_685
0.9511,0.9511,ACH-000963,Drug_564
0.9144,0.9144,ACH-000963,Drug_870
0.8174,0.8174,ACH-000963,Drug_1520
0.8401,0.8401,ACH-000963,Drug_643
0.7551,0.7551,ACH-000963,Drug_883
0.5443,0.5443,ACH-000963,Drug_614
0.9,0.9,ACH-000963,Drug_802
0.736,0.736,ACH-000963,Drug_435
0.9477,0.9477,ACH-000963,Drug_1507
0.7283,0.7283,ACH-000963,Drug_665
0.8446,0.8446,ACH-000963,Drug_1005
0.7741,0.7741,ACH-000965,Drug_749
0.7493,0.7493,ACH-000965,Drug_1326
0.434,0.434,ACH-000965,Drug_490
0.9862,0.9862,ACH-000965,Drug_558
0.7012,0.7012,ACH-000965,Drug_895
0.9785,0.9785,ACH-000965,Drug_1279
0.5514,0.5514,ACH-000965,Drug_1087
0.8847,0.8847,ACH-000965,Drug_768
0.2885,0.2885,ACH-000965,Drug_1127
0.6232,0.6232,ACH-000965,Drug_685
0.8172,0.8172,ACH-000965,Drug_413
0.9663,0.9663,ACH-000965,Drug_564
0.7337,0.7337,ACH-000965,Drug_870
0.7996,0.7996,ACH-000965,Drug_643
0.7215,0.7215,ACH-000965,Drug_883
0.6467,0.6467,ACH-000965,Drug_614
0.9918,0.9918,ACH-000965,Drug_802
0.9176,0.9176,ACH-000965,Drug_1507
0.7829,0.7829,ACH-000965,Drug_665
0.922,0.922,ACH-000966,Drug_749
0.5103,0.5103,ACH-000966,Drug_490
0.784,0.784,ACH-000966,Drug_558
0.6363,0.6363,ACH-000966,Drug_895
0.5968,0.5968,ACH-000966,Drug_195
0.9612,0.9612,ACH-000966,Drug_1279
0.7245,0.7245,ACH-000966,Drug_1087
0.9832,0.9832,ACH-000966,Drug_768
0.5808,0.5808,ACH-000966,Drug_1127
0.8441,0.8441,ACH-000966,Drug_685
0.8355,0.8355,ACH-000966,Drug_413
0.7355,0.7355,ACH-000966,Drug_870
0.7936,0.7936,ACH-000966,Drug_643
0.8229,0.8229,ACH-000966,Drug_883
0.6519,0.6519,ACH-000966,Drug_614
0.9768,0.9768,ACH-000966,Drug_802
0.8554,0.8554,ACH-000966,Drug_435
0.958,0.958,ACH-000966,Drug_1507
0.7251,0.7251,ACH-000966,Drug_665
0.8879,0.8879,ACH-000966,Drug_1005
0.991,0.991,ACH-000966,Drug_1040
0.8866,0.8866,ACH-000967,Drug_749
0.5848,0.5848,ACH-000967,Drug_490
0.83,0.83,ACH-000967,Drug_558
0.7393,0.7393,ACH-000967,Drug_195
0.8981,0.8981,ACH-000967,Drug_1279
0.7453,0.7453,ACH-000967,Drug_1087
0.9005,0.9005,ACH-000967,Drug_768
0.897,0.897,ACH-000967,Drug_685
0.9737,0.9737,ACH-000967,Drug_413
0.9857,0.9857,ACH-000967,Drug_564
0.9509,0.9509,ACH-000967,Drug_802
0.949,0.949,ACH-000967,Drug_1507
0.8725,0.8725,ACH-000967,Drug_665
0.9312,0.9312,ACH-000967,Drug_1005
0.8838,0.8838,ACH-000971,Drug_749
0.9811,0.9811,ACH-000971,Drug_1326
0.7959,0.7959,ACH-000971,Drug_558
0.5943,0.5943,ACH-000971,Drug_895
0.9747,0.9747,ACH-000971,Drug_1279
0.9693,0.9693,ACH-000971,Drug_768
0.32,0.32,ACH-000971,Drug_1127
0.7384,0.7384,ACH-000971,Drug_685
0.8371,0.8371,ACH-000971,Drug_413
0.975,0.975,ACH-000971,Drug_564
0.7,0.7,ACH-000971,Drug_870
0.772,0.772,ACH-000971,Drug_1520
0.8576,0.8576,ACH-000971,Drug_643
0.9531,0.9531,ACH-000971,Drug_883
0.6169,0.6169,ACH-000971,Drug_614
0.9482,0.9482,ACH-000971,Drug_802
0.83,0.83,ACH-000971,Drug_435
0.8446,0.8446,ACH-000971,Drug_1507
0.9143,0.9143,ACH-000971,Drug_665
0.8084,0.8084,ACH-000971,Drug_1005
0.8718,0.8718,ACH-000971,Drug_1040
0.8532,0.8532,ACH-000972,Drug_749
0.7814,0.7814,ACH-000972,Drug_1326
0.4289,0.4289,ACH-000972,Drug_490
0.598,0.598,ACH-000972,Drug_895
0.5532,0.5532,ACH-000972,Drug_195
0.9138,0.9138,ACH-000972,Drug_1279
0.5609,0.5609,ACH-000972,Drug_1087
0.9286,0.9286,ACH-000972,Drug_768
0.3355,0.3355,ACH-000972,Drug_1127
0.6068,0.6068,ACH-000972,Drug_685
0.8099,0.8099,ACH-000972,Drug_413
1.0,1.0,ACH-000972,Drug_564
0.7238,0.7238,ACH-000972,Drug_1520
0.8673,0.8673,ACH-000972,Drug_802
0.7725,0.7725,ACH-000972,Drug_435
0.8729,0.8729,ACH-000972,Drug_1507
0.6999,0.6999,ACH-000972,Drug_665
0.8397,0.8397,ACH-000972,Drug_1005
0.8985,0.8985,ACH-000972,Drug_1040
0.7548,0.7548,ACH-000973,Drug_1326
0.5211,0.5211,ACH-000973,Drug_490
0.9492,0.9492,ACH-000973,Drug_558
0.5049,0.5049,ACH-000973,Drug_895
0.4752,0.4752,ACH-000973,Drug_195
0.9764,0.9764,ACH-000973,Drug_1279
0.7184,0.7184,ACH-000973,Drug_1087
0.8497,0.8497,ACH-000973,Drug_768
0.8266,0.8266,ACH-000973,Drug_685
0.8187,0.8187,ACH-000973,Drug_413
0.9729,0.9729,ACH-000973,Drug_564
0.7775,0.7775,ACH-000973,Drug_870
0.7572,0.7572,ACH-000973,Drug_1520
0.7504,0.7504,ACH-000973,Drug_643
0.8352,0.8352,ACH-000973,Drug_883
0.5661,0.5661,ACH-000973,Drug_614
0.8483,0.8483,ACH-000973,Drug_802
0.9738,0.9738,ACH-000973,Drug_435
0.9288,0.9288,ACH-000973,Drug_1507
0.7728,0.7728,ACH-000973,Drug_665
0.7851,0.7851,ACH-000973,Drug_1005
0.9268,0.9268,ACH-000973,Drug_1040
0.8045,0.8045,ACH-000974,Drug_1326
0.9235,0.9235,ACH-000974,Drug_558
0.6651,0.6651,ACH-000974,Drug_195
0.9333,0.9333,ACH-000974,Drug_1279
0.8201,0.8201,ACH-000974,Drug_1087
0.944,0.944,ACH-000974,Drug_768
0.3988,0.3988,ACH-000974,Drug_1127
0.866,0.866,ACH-000974,Drug_685
0.863,0.863,ACH-000974,Drug_413
0.8334,0.8334,ACH-000974,Drug_564
0.6679,0.6679,ACH-000974,Drug_870
0.8037,0.8037,ACH-000974,Drug_643
0.8478,0.8478,ACH-000974,Drug_883
0.6037,0.6037,ACH-000974,Drug_614
0.8653,0.8653,ACH-000974,Drug_802
0.8772,0.8772,ACH-000974,Drug_435
0.9371,0.9371,ACH-000974,Drug_1507
0.8106,0.8106,ACH-000974,Drug_665
0.8564,0.8564,ACH-000974,Drug_1040
0.8878,0.8878,ACH-000976,Drug_749
0.8624,0.8624,ACH-000976,Drug_1326
0.5119,0.5119,ACH-000976,Drug_490
0.6814,0.6814,ACH-000976,Drug_895
0.6493,0.6493,ACH-000976,Drug_195
0.8966,0.8966,ACH-000976,Drug_1279
0.724,0.724,ACH-000976,Drug_1087
0.9584,0.9584,ACH-000976,Drug_768
0.5554,0.5554,ACH-000976,Drug_1127
0.8412,0.8412,ACH-000976,Drug_564
0.7453,0.7453,ACH-000976,Drug_870
0.872,0.872,ACH-000976,Drug_643
0.8349,0.8349,ACH-000976,Drug_883
0.6224,0.6224,ACH-000976,Drug_614
0.9604,0.9604,ACH-000976,Drug_802
0.8175,0.8175,ACH-000976,Drug_435
0.9605,0.9605,ACH-000976,Drug_665
0.8284,0.8284,ACH-000976,Drug_1040
0.8908,0.8908,ACH-000978,Drug_749
0.8986,0.8986,ACH-000978,Drug_1326
0.5568,0.5568,ACH-000978,Drug_490
0.8268,0.8268,ACH-000978,Drug_558
0.7663,0.7663,ACH-000978,Drug_895
0.9962,0.9962,ACH-000978,Drug_1279
0.571,0.571,ACH-000978,Drug_1127
0.8516,0.8516,ACH-000978,Drug_413
0.9971,0.9971,ACH-000978,Drug_564
0.8863,0.8863,ACH-000978,Drug_1520
0.8343,0.8343,ACH-000978,Drug_643
0.6677,0.6677,ACH-000978,Drug_614
0.9634,0.9634,ACH-000978,Drug_802
0.9308,0.9308,ACH-000978,Drug_435
0.9591,0.9591,ACH-000978,Drug_1507
0.9049,0.9049,ACH-000978,Drug_665
0.8887,0.8887,ACH-000978,Drug_1005
0.9788,0.9788,ACH-000978,Drug_1040
0.9052,0.9052,ACH-000980,Drug_1326
0.4732,0.4732,ACH-000980,Drug_195
0.7548,0.7548,ACH-000980,Drug_1279
0.8748,0.8748,ACH-000980,Drug_1087
0.4077,0.4077,ACH-000980,Drug_1127
0.8485,0.8485,ACH-000980,Drug_685
0.8217,0.8217,ACH-000980,Drug_564
0.7789,0.7789,ACH-000980,Drug_1520
0.5718,0.5718,ACH-000980,Drug_614
0.8916,0.8916,ACH-000980,Drug_802
0.8325,0.8325,ACH-000980,Drug_435
0.908,0.908,ACH-000980,Drug_1507
0.8217,0.8217,ACH-000980,Drug_1005
0.8749,0.8749,ACH-000980,Drug_1040
0.8518,0.8518,ACH-000983,Drug_749
0.6993,0.6993,ACH-000983,Drug_1326
0.3836,0.3836,ACH-000983,Drug_490
0.7891,0.7891,ACH-000983,Drug_558
0.5391,0.5391,ACH-000983,Drug_895
0.5123,0.5123,ACH-000983,Drug_195
0.8589,0.8589,ACH-000983,Drug_1279
0.7936,0.7936,ACH-000983,Drug_768
0.2405,0.2405,ACH-000983,Drug_1127
0.6621,0.6621,ACH-000983,Drug_685
0.838,0.838,ACH-000983,Drug_564
0.6849,0.6849,ACH-000983,Drug_870
0.7515,0.7515,ACH-000983,Drug_1520
0.7707,0.7707,ACH-000983,Drug_643
0.9277,0.9277,ACH-000983,Drug_883
0.5282,0.5282,ACH-000983,Drug_614
0.7529,0.7529,ACH-000983,Drug_802
0.8349,0.8349,ACH-000983,Drug_435
0.9589,0.9589,ACH-000983,Drug_1507
0.6409,0.6409,ACH-000983,Drug_665
0.7858,0.7858,ACH-000983,Drug_1040
0.926,0.926,ACH-000984,Drug_749
0.7554,0.7554,ACH-000984,Drug_1326
0.6175,0.6175,ACH-000984,Drug_895
0.6652,0.6652,ACH-000984,Drug_195
0.8924,0.8924,ACH-000984,Drug_1279
0.9422,0.9422,ACH-000984,Drug_1087
0.6219,0.6219,ACH-000984,Drug_1127
0.8486,0.8486,ACH-000984,Drug_685
0.7853,0.7853,ACH-000984,Drug_413
0.855,0.855,ACH-000984,Drug_564
0.8361,0.8361,ACH-000984,Drug_1520
0.8136,0.8136,ACH-000984,Drug_643
0.9347,0.9347,ACH-000984,Drug_883
0.7313,0.7313,ACH-000984,Drug_614
0.792,0.792,ACH-000984,Drug_802
0.8179,0.8179,ACH-000984,Drug_435
0.83,0.83,ACH-000984,Drug_1507
0.8683,0.8683,ACH-000984,Drug_665
0.8343,0.8343,ACH-000984,Drug_1005
0.9222,0.9222,ACH-000984,Drug_1040
0.7313,0.7313,ACH-000985,Drug_749
0.9552,0.9552,ACH-000985,Drug_1326
0.4459,0.4459,ACH-000985,Drug_490
0.5973,0.5973,ACH-000985,Drug_195
0.879,0.879,ACH-000985,Drug_1279
0.437,0.437,ACH-000985,Drug_1087
0.3876,0.3876,ACH-000985,Drug_1127
0.7237,0.7237,ACH-000985,Drug_564
0.7413,0.7413,ACH-000985,Drug_870
0.7605,0.7605,ACH-000985,Drug_1520
0.8308,0.8308,ACH-000985,Drug_883
0.5245,0.5245,ACH-000985,Drug_614
0.8926,0.8926,ACH-000985,Drug_802
0.9704,0.9704,ACH-000985,Drug_435
0.9467,0.9467,ACH-000985,Drug_665
0.8343,0.8343,ACH-000985,Drug_1005
0.8886,0.8886,ACH-000985,Drug_1040
0.9235,0.9235,ACH-000987,Drug_749
0.8885,0.8885,ACH-000987,Drug_1326
0.5275,0.5275,ACH-000987,Drug_490
0.9168,0.9168,ACH-000987,Drug_558
0.8386,0.8386,ACH-000987,Drug_895
0.8268,0.8268,ACH-000987,Drug_195
0.8395,0.8395,ACH-000987,Drug_768
0.5971,0.5971,ACH-000987,Drug_1127
0.9409,0.9409,ACH-000987,Drug_685
0.93,0.93,ACH-000987,Drug_564
0.8137,0.8137,ACH-000987,Drug_1520
0.8352,0.8352,ACH-000987,Drug_643
0.9886,0.9886,ACH-000987,Drug_883
0.809,0.809,ACH-000987,Drug_614
0.8898,0.8898,ACH-000987,Drug_435
0.9976,0.9976,ACH-000987,Drug_1507
0.9869,0.9869,ACH-000987,Drug_665
0.8334,0.8334,ACH-000987,Drug_1005
0.9008,0.9008,ACH-000987,Drug_1040
0.865,0.865,ACH-000994,Drug_749
0.9638,0.9638,ACH-000994,Drug_1326
0.4754,0.4754,ACH-000994,Drug_490
0.8269,0.8269,ACH-000994,Drug_558
0.5508,0.5508,ACH-000994,Drug_195
0.9223,0.9223,ACH-000994,Drug_1279
0.9296,0.9296,ACH-000994,Drug_1087
0.83,0.83,ACH-000994,Drug_768
0.9304,0.9304,ACH-000994,Drug_685
0.9179,0.9179,ACH-000994,Drug_413
0.8849,0.8849,ACH-000994,Drug_564
0.6752,0.6752,ACH-000994,Drug_870
0.7863,0.7863,ACH-000994,Drug_1520
0.928,0.928,ACH-000994,Drug_883
0.576,0.576,ACH-000994,Drug_614
0.9526,0.9526,ACH-000994,Drug_802
0.889,0.889,ACH-000994,Drug_435
0.9586,0.9586,ACH-000994,Drug_1507
0.9283,0.9283,ACH-000994,Drug_665
0.7903,0.7903,ACH-000994,Drug_1040
0.8014,0.8014,ACH-000995,Drug_749
0.7198,0.7198,ACH-000995,Drug_1326
0.4171,0.4171,ACH-000995,Drug_490
0.8123,0.8123,ACH-000995,Drug_558
0.4808,0.4808,ACH-000995,Drug_895
0.4553,0.4553,ACH-000995,Drug_195
0.9461,0.9461,ACH-000995,Drug_1279
0.9546,0.9546,ACH-000995,Drug_1087
0.7549,0.7549,ACH-000995,Drug_768
0.82,0.82,ACH-000995,Drug_564
0.6667,0.6667,ACH-000995,Drug_870
0.7553,0.7553,ACH-000995,Drug_1520
0.7044,0.7044,ACH-000995,Drug_643
0.6786,0.6786,ACH-000995,Drug_614
0.8399,0.8399,ACH-000995,Drug_802
0.8037,0.8037,ACH-000995,Drug_435
0.954,0.954,ACH-000995,Drug_1507
0.7559,0.7559,ACH-000995,Drug_665
0.7457,0.7457,ACH-000995,Drug_1005
0.7761,0.7761,ACH-000995,Drug_1040
0.914,0.914,ACH-000996,Drug_749
0.783,0.783,ACH-000996,Drug_1326
0.5556,0.5556,ACH-000996,Drug_490
0.7305,0.7305,ACH-000996,Drug_895
0.6666,0.6666,ACH-000996,Drug_195
0.9286,0.9286,ACH-000996,Drug_1279
0.9622,0.9622,ACH-000996,Drug_768
0.7871,0.7871,ACH-000996,Drug_685
0.8361,0.8361,ACH-000996,Drug_413
0.7076,0.7076,ACH-000996,Drug_870
0.8242,0.8242,ACH-000996,Drug_1520
0.7507,0.7507,ACH-000996,Drug_643
0.6393,0.6393,ACH-000996,Drug_614
0.9516,0.9516,ACH-000996,Drug_802
0.8816,0.8816,ACH-000996,Drug_435
1.0,1.0,ACH-000996,Drug_1507
0.85,0.85,ACH-000996,Drug_1005
0.8004,0.8004,ACH-000996,Drug_1040
0.8314,0.8314,ACH-000997,Drug_1326
0.5687,0.5687,ACH-000997,Drug_490
0.6651,0.6651,ACH-000997,Drug_895
0.6522,0.6522,ACH-000997,Drug_195
0.6112,0.6112,ACH-000997,Drug_1127
0.7999,0.7999,ACH-000997,Drug_413
0.8308,0.8308,ACH-000997,Drug_564
0.6597,0.6597,ACH-000997,Drug_870
0.783,0.783,ACH-000997,Drug_1520
0.761,0.761,ACH-000997,Drug_643
0.875,0.875,ACH-000997,Drug_883
0.6764,0.6764,ACH-000997,Drug_614
0.7679,0.7679,ACH-000997,Drug_435
0.9871,0.9871,ACH-000997,Drug_1507
0.7797,0.7797,ACH-000997,Drug_665
0.9802,0.9802,ACH-000997,Drug_1040
0.7848,0.7848,ACH-001129,Drug_1326
0.3415,0.3415,ACH-001129,Drug_490
0.4356,0.4356,ACH-001129,Drug_558
0.5159,0.5159,ACH-001129,Drug_895
0.968,0.968,ACH-001129,Drug_1279
0.7536,0.7536,ACH-001129,Drug_1087
0.8172,0.8172,ACH-001129,Drug_768
0.2787,0.2787,ACH-001129,Drug_1127
0.7818,0.7818,ACH-001129,Drug_685
0.8493,0.8493,ACH-001129,Drug_564
0.7122,0.7122,ACH-001129,Drug_870
0.5566,0.5566,ACH-001129,Drug_1520
0.4549,0.4549,ACH-001129,Drug_643
0.7765,0.7765,ACH-001129,Drug_883
0.835,0.835,ACH-001129,Drug_435
0.8516,0.8516,ACH-001129,Drug_1507
0.7354,0.7354,ACH-001129,Drug_1005
0.7669,0.7669,ACH-001129,Drug_1040
0.8076,0.8076,ACH-001239,Drug_1326
0.4339,0.4339,ACH-001239,Drug_490
0.9725,0.9725,ACH-001239,Drug_558
0.58,0.58,ACH-001239,Drug_195
0.9452,0.9452,ACH-001239,Drug_1279
0.4486,0.4486,ACH-001239,Drug_1087
0.5111,0.5111,ACH-001239,Drug_1127
0.5794,0.5794,ACH-001239,Drug_685
0.7409,0.7409,ACH-001239,Drug_564
0.7054,0.7054,ACH-001239,Drug_870
0.9109,0.9109,ACH-001239,Drug_1520
0.973,0.973,ACH-001239,Drug_883
0.3878,0.3878,ACH-001239,Drug_614
0.9323,0.9323,ACH-001239,Drug_435
0.9218,0.9218,ACH-001239,Drug_1507
0.9841,0.9841,ACH-001239,Drug_665
0.8956,0.8956,ACH-001239,Drug_1005
0.9664,0.9664,ACH-001239,Drug_1040
0.7727,0.7727,ACH-001306,Drug_749
0.8505,0.8505,ACH-001306,Drug_1326
0.6648,0.6648,ACH-001306,Drug_895
0.543,0.543,ACH-001306,Drug_195
0.892,0.892,ACH-001306,Drug_1279
0.5862,0.5862,ACH-001306,Drug_1087
0.7708,0.7708,ACH-001306,Drug_685
0.7406,0.7406,ACH-001306,Drug_564
0.7004,0.7004,ACH-001306,Drug_870
0.7629,0.7629,ACH-001306,Drug_1520
0.8188,0.8188,ACH-001306,Drug_643
0.636,0.636,ACH-001306,Drug_614
0.8179,0.8179,ACH-001306,Drug_435
0.9263,0.9263,ACH-001306,Drug_1507
0.794,0.794,ACH-001306,Drug_1005
0.8223,0.8223,ACH-001306,Drug_1040
0.9341,0.9341,ACH-001307,Drug_749
0.8757,0.8757,ACH-001307,Drug_1326
0.4863,0.4863,ACH-001307,Drug_490
0.8238,0.8238,ACH-001307,Drug_558
0.5503,0.5503,ACH-001307,Drug_895
0.5197,0.5197,ACH-001307,Drug_195
0.8657,0.8657,ACH-001307,Drug_1279
0.6598,0.6598,ACH-001307,Drug_1087
0.9596,0.9596,ACH-001307,Drug_768
0.3708,0.3708,ACH-001307,Drug_1127
0.7873,0.7873,ACH-001307,Drug_685
0.8023,0.8023,ACH-001307,Drug_413
0.7978,0.7978,ACH-001307,Drug_1520
0.8122,0.8122,ACH-001307,Drug_643
0.9452,0.9452,ACH-001307,Drug_883
0.5915,0.5915,ACH-001307,Drug_614
0.9529,0.9529,ACH-001307,Drug_802
0.8317,0.8317,ACH-001307,Drug_435
0.8447,0.8447,ACH-001307,Drug_665
0.8334,0.8334,ACH-001307,Drug_1005
0.8736,0.8736,ACH-001318,Drug_749
0.8513,0.8513,ACH-001318,Drug_1326
0.4371,0.4371,ACH-001318,Drug_490
0.8366,0.8366,ACH-001318,Drug_558
0.6446,0.6446,ACH-001318,Drug_895
0.7892,0.7892,ACH-001318,Drug_195
0.9296,0.9296,ACH-001318,Drug_1279
0.8192,0.8192,ACH-001318,Drug_1087
0.868,0.868,ACH-001318,Drug_768
0.8175,0.8175,ACH-001318,Drug_685
0.8121,0.8121,ACH-001318,Drug_413
0.8993,0.8993,ACH-001318,Drug_564
0.7244,0.7244,ACH-001318,Drug_870
0.9345,0.9345,ACH-001318,Drug_1520
0.8378,0.8378,ACH-001318,Drug_643
0.8922,0.8922,ACH-001318,Drug_883
0.9343,0.9343,ACH-001318,Drug_802
0.7893,0.7893,ACH-001318,Drug_435
0.8826,0.8826,ACH-001318,Drug_1507
0.8585,0.8585,ACH-001318,Drug_665
0.8433,0.8433,ACH-001318,Drug_1005
0.8955,0.8955,ACH-001318,Drug_1040
